"The following are example semi-random surgery times for 5 days. Each day, there are 10 Operation"
"Rooms (OR), where there is not always an operation scheduled. The times are in hours, with "
"each day starting at 7:00 and ending at 20:00. The times are semi-random, as they are based "
"on OR surgery times from 5 different days, but are randomly perturbed. An OperationX is "
"defined by its start and end time [start_time_hours, end_time_hours]."

WEEK 1
DAY 1
#,Operation1,Operation2,Operation3,Operation4,Operation5
OR1,"[7.890298507462687, 9.366915422885572]","[9.661940298507464, 11.595273631840795]","[12.158955223880596, 15.40995024875622]"
OR2,"[8.199253731343285, 9.800746268656715]","[10.580348258706467, 11.516169154228857]","[13.546019900497512, 17.237064676616917]","[19.309950248756216, 19.966666666666665]"
OR3,"[8.832338308457711, 12.13955223880597]","[12.603980099502488, 17.47587064676617]"
OR4,"[9.721641791044776, 15.774378109452735]","[16.915671641791047, 19.91393034825871]"
OR5
OR6,"[8.716417910447761, 13.306467661691542]","[14.232587064676618, 16.05]"
OR7,"[9.144029850746268, 14.547014925373134]","[15.078109452736319, 16.712935323383082]","[18.029850746268657, 20.0]"
OR8
OR9,"[9.738308457711442, 15.75771144278607]","[16.88233830845771, 19.86393034825871]"
OR10,"[8.908706467661691, 10.729601990049751]","[11.20373134328358, 12.998258706467661]","[13.42313432835821, 14.829601990049753]"

DAY 2
#,Operation1,Operation2,Operation3,Operation4,Operation5
OR1,"[8.470646766169155, 9.800746268656715]","[10.40820895522388, 12.175621890547264]","[12.79626865671642, 15.373134328358208]","[17.2773631840796, 17.87089552238806]","[19.24402985074627, 19.916666666666668]"
OR2,"[9.323134328358208, 11.393283582089554]","[11.562686567164178, 17.75497512437811]"
OR3,"[9.216915422885572, 19.966666666666665]"
OR4,"[9.276616915422887, 15.293283582089552]"
OR5,"[7.724378109452736, 8.517164179104476]","[9.439054726368159, 15.66542288557214]","[16.62686567164179, 19.966666666666665]"
OR6,"[8.086069651741294, 9.532089552238805]","[10.265174129353234, 11.535572139303481]","[12.205472636815921, 14.0]"
OR7,"[8.603980099502488, 9.917412935323382]","[10.30820895522388, 12.275621890547264]","[12.679601990049752, 15.356467661691541]","[17.177363184079603, 17.804228855721394]","[19.19402985074627, 19.983333333333334]"
OR8,"[8.533830845771144, 9.632089552238806]","[9.898009950248756, 11.081592039800995]","[11.479353233830846, 13.098258706467663]","[13.545273631840796, 15.548756218905472]"
OR9,"[8.643532338308459, 15.963930348258707]","[16.464427860696517, 19.29328358208955]"
OR10,"[9.638308457711442, 15.741044776119402]","[16.79900497512438, 19.813930348258708]"

DAY 3
#,Operation1,Operation2,Operation3,Operation4,Operation5
OR1,"[9.12810945273632, 13.93407960199005]","[14.258955223880598, 17.442537313432837]","[18.19228855721393, 19.95]"
OR2,"[8.046517412935325, 10.201990049751243]","[10.497761194029852, 11.993781094527364]","[12.179850746268658, 14.033333333333333]"
OR3,"[8.036815920398011, 8.931592039800995]","[9.42587064676617, 13.93407960199005]","[14.41094527363184, 16.557462686567163]"
OR4,"[9.323134328358208, 11.326616915422886]","[11.529353233830845, 17.671641791044777]"
OR5,"[9.369651741293533, 12.182587064676618]","[12.51094527363184, 15.913930348258706]","[16.842039800995025, 18.48457711442786]"
OR6,"[8.961442786069652, 13.78407960199005]","[14.24228855721393, 17.459203980099502]","[18.275621890547264, 19.966666666666665]"
OR7,"[7.798009950248756, 11.850746268656716]","[12.815671641791043, 14.5136815920398]"
OR8
OR9,"[8.06592039800995, 9.170398009950247]","[9.545273631840796, 10.563681592039801]","[10.87189054726368, 12.57412935323383]","[12.839303482587065, 14.033333333333333]","[14.285323383084577, 15.40995024875622]"
OR10

DAY 4
#,Operation1,Operation2,Operation3,Operation4,Operation5
OR1
OR2,"[8.245771144278606, 9.037810945273632]","[9.708457711442787, 11.446019900497511]","[12.096517412935324, 12.964925373134328]","[13.754228855721394, 14.440796019900498]"
OR3,"[9.028109452736318, 13.817412935323382]","[14.125621890547263, 17.525870646766172]","[18.158955223880596, 20.066666666666666]"
OR4,"[7.841044776119403, 8.55049751243781]","[9.505721393034825, 15.615422885572139]","[16.593532338308457, 19.966666666666665]"
OR5,"[8.361691542288558, 9.3363184079602]","[10.066666666666666, 12.285323383084577]","[12.938557213930347, 15.031592039800996]"
OR6,"[9.439054726368159, 11.276616915422887]"
OR7,"[8.955223880597014, 16.633830845771143]"
OR8,"[8.275621890547264, 11.469651741293532]","[11.804228855721393, 13.247512437810945]","[13.887562189054727, 15.927114427860698]"
OR9,"[9.884079601990049, 11.220398009950248]","[12.05, 15.40995024875622]"
OR10

DAY 5
#,Operation1,Operation2,Operation3,Operation4,Operation5
OR1,"[9.654975124378108, 15.774378109452735]","[16.865671641791046, 19.963930348258707]"
OR2,"[9.250248756218905, 10.570646766169155]","[11.588308457711442, 19.966666666666665]"
OR3
OR4,"[8.633084577114428, 15.313432835820896]"
OR5,"[8.202736318407961, 9.754228855721394]","[10.560199004975125, 13.409203980099502]","[14.553980099502489, 16.45124378109453]"
OR6,"[8.97810945273632, 13.867412935323383]","[14.225621890547265, 17.442537313432837]","[18.275621890547264, 20.05]"
OR7,"[9.276616915422887, 15.326616915422886]"
OR8,"[8.15273631840796, 9.854228855721393]","[10.57686567164179, 13.559203980099502]","[14.503980099502488, 16.334577114427862]"
OR9,"[9.638308457711442, 15.874378109452737]","[16.949004975124378, 19.86393034825871]"
OR10,"[8.298507462686567, 9.11417910447761]","[9.830597014925372, 11.220398009950248]","[12.096517412935324, 17.409203980099505]"
DAY 1
#,Operation1,Operation2,Operation3,Operation4,Operation5
OR1
OR2,"[12.596268656716418, 18.578358208955223]"
OR3,"[9.272388059701493, 10.918407960199005]","[11.974378109452736, 13.281592039800996]","[14.735820895522389, 17.133084577114428]","[18.782338308457714, 20.383333333333333]"
OR4
OR5
OR6
OR7
OR8
OR9
OR10

DAY 2
#,Operation1,Operation2,Operation3,Operation4,Operation5
OR1,"[12.312935323383085, 18.028358208955222]"
OR2
OR3
OR4
OR5
OR6
OR7,"[11.996517412935324, 13.448756218905473]"
OR8
OR9
OR10



WEEK 2
DAY 1
#,Operation1,Operation2,Operation3,Operation4,Operation5
OR1,"[8.733084577114429, 15.330099502487563]"
OR2,"[7.947263681592039, 8.815671641791043]","[9.177363184079601, 10.414427860696518]","[10.726119402985073, 12.862189054726368]","[13.171144278606965, 13.917412935323382]","[14.140298507462687, 16.507462686567163]"
OR3,"[8.158955223880596, 11.419651741293533]","[11.837562189054728, 13.230845771144278]","[13.904228855721394, 15.977114427860696]"
OR4,"[8.78233830845771, 11.014925373134329]","[11.748009950248758, 14.79626865671642]"
OR5,"[13.061442786069653, 16.322139303482587]","[17.684825870646765, 20.083333333333332]"
OR6,"[9.93407960199005, 11.237064676616914]","[11.95, 15.293283582089552]"
OR7,"[7.70771144278607, 8.650497512437811]","[9.572388059701494, 15.51542288557214]","[16.57686567164179, 20.016666666666666]"
OR8,"[8.938557213930347, 16.567164179104477]"
OR9,"[9.350248756218905, 10.620646766169155]","[11.638308457711442, 20.05]"
OR10,"[8.2318407960199, 8.994776119402985]","[9.748009950248758, 10.481094527363185]","[10.992039800995025, 11.688308457711443]","[12.15547263681592, 13.376616915422886]","[15.207213930348258, 15.96044776119403]"

DAY 2
#,Operation1,Operation2,Operation3,Operation4,Operation5
OR1,"[9.233582089552238, 10.520646766169154]","[11.688308457711443, 20.066666666666666]"
OR2,"[8.391542288557213, 9.42587064676617]","[9.87363184079602, 11.038557213930348]","[12.2818407960199, 13.197512437810945]","[13.87363184079602, 14.835820895522389]"
OR3,"[8.567164179104477, 9.582089552238806]","[9.78134328358209, 11.098258706467663]","[11.396019900497512, 13.098258706467663]","[13.528606965174129, 15.498756218905472]"
OR4,"[9.074626865671641, 13.509203980099503]","[13.94726368159204, 15.326616915422886]","[15.529353233830845, 17.734825870646766]"
OR5
OR6,"[8.503980099502488, 9.834079601990048]","[10.391542288557213, 12.258955223880598]","[12.696268656716418, 15.373134328358208]","[17.19402985074627, 17.77089552238806]","[19.144029850746268, 19.916666666666668]"
OR7,"[7.93681592039801, 9.827114427860696]","[10.752487562189055, 12.440796019900498]","[12.826119402985075, 14.33457711442786]","[16.341542288557214, 17.067661691542288]"
OR8,"[9.350248756218905, 19.933333333333334]"
OR9,"[7.731343283582089, 11.884079601990049]","[12.899004975124377, 14.680348258706468]"
OR10

DAY 3
#,Operation1,Operation2,Operation3,Operation4,Operation5
OR1,"[9.379353233830845, 16.162437810945274]","[16.692786069651742, 17.927114427860694]"
OR2,"[8.053482587064677, 8.964925373134328]","[9.42587064676617, 13.767412935323382]","[14.41094527363184, 16.490796019900497]"
OR3,"[9.42313432835821, 11.343283582089553]","[11.596019900497511, 17.688308457711443]"
OR4,"[9.339800995024875, 11.30995024875622]","[11.51268656716418, 17.688308457711443]"
OR5,"[9.469651741293532, 12.232587064676618]","[12.527611940298508, 15.913930348258706]","[16.875373134328356, 18.38457711442786]"
OR6,"[8.391542288557213, 13.343283582089553]","[13.813930348258706, 15.92363184079602]"
OR7,"[9.300248756218906, 10.537313432835822]","[11.721641791044776, 20.066666666666666]"
OR8,"[8.348507462686568, 9.011442786069653]","[9.798009950248757, 10.414427860696518]","[10.892039800995025, 11.621641791044775]","[12.255472636815922, 13.326616915422886]","[15.223880597014926, 15.91044776119403]"
OR9,"[8.195771144278607, 9.187810945273633]","[9.59179104477612, 11.396019900497512]","[11.979850746268657, 12.964925373134328]","[13.77089552238806, 14.490796019900497]"
OR10,"[9.283582089552239, 19.916666666666668]"

DAY 4
#,Operation1,Operation2,Operation3,Operation4,Operation5
OR1,"[8.93233830845771, 11.06492537313433]","[11.714676616915423, 14.812935323383085]"
OR2,"[8.020149253731343, 9.843781094527364]","[10.88582089552239, 12.457462686567164]","[12.826119402985075, 14.451243781094528]","[16.324875621890545, 17.050995024875622]"
OR3,"[8.112437810945273, 9.054477611940298]","[9.658457711442788, 11.479353233830846]","[12.029850746268657, 12.948258706467662]","[13.854228855721393, 14.42412935323383]"
OR4,"[9.277363184079602, 14.613681592039802]","[15.011442786069653, 16.67960199004975]","[18.01318407960199, 20.083333333333332]"
OR5,"[9.376616915422886, 15.35995024875622]"
OR6,"[9.605721393034827, 11.35995024875622]"
OR7,"[6.918407960199005, 9.78407960199005]","[10.341542288557212, 11.416169154228855]","[11.893781094527363, 15.993781094527364]"
OR8,"[8.020149253731343, 9.031592039800996]","[9.559203980099502, 13.834079601990048]","[14.477611940298507, 16.457462686567162]"
OR9
OR10,"[8.06592039800995, 9.20373134328358]","[9.695273631840797, 10.580348258706467]","[10.921890547263681, 12.590796019900498]","[12.822636815920397, 13.983333333333333]","[14.335323383084576, 15.35995024875622]"

DAY 5
#,Operation1,Operation2,Operation3,Operation4,Operation5
OR1,"[9.216915422885572, 19.95]"
OR2,"[8.553980099502489, 9.850746268656716]","[10.274875621890546, 12.125621890547263]","[12.712935323383086, 15.389800995024876]","[17.160696517412934, 17.887562189054727]","[19.227363184079604, 19.983333333333334]"
OR3,"[9.008706467661693, 10.79626865671642]","[11.337064676616915, 13.031592039800996]","[13.389800995024876, 14.662935323383085]"
OR4,"[9.111442786069652, 13.917412935323382]","[14.292288557213931, 17.57587064676617]","[18.208955223880597, 19.983333333333334]"
OR5,"[9.24402985074627, 14.630348258706467]","[14.961442786069652, 16.712935323383082]","[18.046517412935323, 19.966666666666665]"
OR6,"[9.93407960199005, 11.270398009950249]","[11.933333333333334, 15.293283582089552]"
OR7,"[9.439800995024875, 11.293283582089552]","[11.496019900497512, 17.75497512437811]"
OR8,"[8.524129353233832, 15.057960199004974]"
OR9,"[8.095771144278606, 9.021144278606965]","[9.658457711442788, 11.546019900497512]","[12.01318407960199, 12.931592039800995]","[13.887562189054727, 14.57412935323383]"
OR10,"[13.028109452736318, 16.172139303482588]","[17.734825870646766, 20.033333333333335]"
DAY 1
#,Operation1,Operation2,Operation3,Operation4,Operation5
OR1
OR2
OR3
OR4
OR5
OR6
OR7,"[9.689054726368159, 11.001741293532339]","[11.874378109452737, 12.981592039800995]","[14.702487562189056, 17.183084577114425]","[18.982338308457713, 20.016666666666666]"
OR8
OR9
OR10

DAY 2
#,Operation1,Operation2,Operation3,Operation4,Operation5
OR1
OR2
OR3
OR4
OR5,"[9.322388059701494, 10.651741293532337]","[12.224378109452736, 12.948258706467662]","[14.819154228855721, 17.033084577114426]","[19.115671641791046, 19.516666666666666]"
OR6
OR7
OR8,"[9.805721393034826, 10.901741293532337]","[11.474378109452736, 13.231592039800995]","[15.13582089552239, 16.299751243781092]","[18.932338308457712, 19.766666666666666]"
OR9
OR10



WEEK 3
DAY 1
#,Operation1,Operation2,Operation3,Operation4,Operation5
OR1,"[8.112437810945273, 9.021144278606965]","[9.625124378109453, 11.496019900497512]","[12.046517412935325, 12.948258706467662]","[13.854228855721393, 14.557462686567165]"
OR2,"[8.274875621890546, 9.492537313432836]","[9.956965174129355, 10.971890547263682]","[12.3318407960199, 13.180845771144279]","[13.990298507462688, 14.752487562189055]"
OR3,"[9.33358208955224, 20.0]"
OR4,"[7.990298507462686, 9.316915422885572]","[9.661940298507464, 11.62860696517413]","[12.175621890547264, 15.40995024875622]"
OR5,"[8.693532338308458, 15.913930348258706]","[16.44776119402985, 19.34328358208955]"
OR6
OR7,"[8.053482587064677, 9.014925373134329]","[9.509203980099503, 13.800746268656715]","[14.544278606965173, 16.52412935323383]"
OR8,"[9.439054726368159, 11.393283582089554]"
OR9,"[8.799751243781095, 15.24676616915423]"
OR10,"[8.036815920398011, 8.948258706467662]","[9.509203980099503, 13.817412935323382]","[14.51094527363184, 16.474129353233828]"

DAY 2
#,Operation1,Operation2,Operation3,Operation4,Operation5
OR1,"[8.949004975124378, 10.948258706467662]","[11.648009950248756, 14.696268656716418]"
OR2,"[9.479353233830846, 16.162437810945274]","[16.776119402985074, 17.96044776119403]"
OR3,"[8.238805970149254, 9.51542288557214]","[10.149253731343284, 11.429353233830845]","[11.92363184079602, 13.841044776119404]","[14.298507462686567, 14.740049751243781]"
OR4,"[7.001741293532338, 9.834079601990048]","[10.274875621890546, 11.349502487562189]","[11.96044776119403, 15.993781094527364]"
OR5,"[9.721641791044776, 15.75771144278607]","[16.88233830845771, 19.880597014925375]"
OR6,"[8.298507462686567, 10.245771144278606]"
OR7,"[9.419651741293533, 12.165920398009952]","[12.444278606965174, 15.863930348258705]","[16.875373134328356, 18.417910447761194]"
OR8,"[8.783084577114428, 15.280099502487563]"
OR9,"[8.215174129353233, 9.164179104477611]","[9.913930348258706, 11.270398009950249]","[11.96318407960199, 17.525870646766172]"
OR10,"[8.988557213930347, 16.55049751243781]"

DAY 3
#,Operation1,Operation2,Operation3,Operation4,Operation5
OR1,"[7.856965174129353, 9.266915422885571]","[9.561940298507462, 11.561940298507462]","[12.175621890547264, 15.276616915422887]"
OR2,"[8.262437810945274, 9.071144278606965]","[9.558457711442786, 11.412686567164178]","[12.079850746268658, 13.031592039800996]","[13.77089552238806, 14.474129353233831]"
OR3,"[8.291542288557213, 9.475870646766168]","[9.87363184079602, 10.971890547263682]","[12.3318407960199, 13.130845771144278]","[13.940298507462687, 14.752487562189055]"
OR4,"[8.78233830845771, 11.081592039800995]","[11.764676616915423, 14.679601990049752]"
OR5,"[8.55049751243781, 9.532089552238805]","[9.73134328358209, 10.948258706467662]","[11.546019900497512, 13.081592039800995]","[13.545273631840796, 15.51542288557214]"
OR6,"[9.386318407960198, 12.182587064676618]","[12.427611940298506, 15.963930348258707]","[16.875373134328356, 18.501243781094526]"
OR7,"[9.33358208955224, 10.537313432835822]","[11.60497512437811, 20.066666666666666]"
OR8,"[8.365174129353234, 10.195771144278607]"
OR9
OR10,"[8.630348258706467, 14.530348258706468]"

DAY 4
#,Operation1,Operation2,Operation3,Operation4,Operation5
OR1,"[8.365174129353234, 9.247512437810945]","[9.94726368159204, 11.270398009950249]","[11.96318407960199, 17.492537313432837]"
OR2,"[8.544278606965173, 17.2773631840796]"
OR3,"[8.587313432835822, 9.93407960199005]","[10.391542288557213, 12.258955223880598]","[12.762935323383086, 15.439800995024875]","[17.19402985074627, 17.737562189054728]","[19.2773631840796, 20.033333333333335]"
OR4,"[6.901741293532338, 9.867412935323383]","[10.30820895522388, 11.382835820895522]","[11.877114427860697, 15.893781094527363]"
OR5,"[7.996517412935324, 10.285323383084577]","[10.49776119402985, 11.977114427860696]","[12.179850746268658, 13.95]"
OR6,"[8.733084577114429, 15.39676616915423]"
OR7,"[8.248507462686566, 9.044776119402986]","[9.798009950248757, 10.481094527363185]","[10.925373134328359, 11.688308457711443]","[12.272139303482588, 13.393283582089554]","[15.190547263681593, 15.96044776119403]"
OR8,"[8.815671641791043, 11.098258706467663]","[11.698009950248757, 14.712935323383086]"
OR9,"[8.003482587064678, 9.098258706467663]","[9.475870646766168, 13.867412935323383]","[14.46094527363184, 16.440796019900496]"
OR10,"[8.086069651741294, 9.532089552238805]","[10.265174129353234, 11.468905472636814]","[12.322139303482588, 14.066666666666666]"

DAY 5
#,Operation1,Operation2,Operation3,Operation4,Operation5
OR1,"[8.597014925373134, 14.6636815920398]"
OR2,"[8.613681592039802, 14.580348258706467]"
OR3,"[8.30820895522388, 9.509203980099503]","[9.87363184079602, 10.921890547263681]","[12.248507462686566, 13.130845771144278]","[13.956965174129355, 14.919154228855723]"
OR4,"[8.136069651741295, 9.66542288557214]","[10.348507462686568, 11.60223880597015]","[12.30547263681592, 14.05]"
OR5,"[8.394278606965173, 17.227363184079604]"
OR6,"[8.182587064676618, 9.220398009950248]","[9.57860696517413, 10.630348258706467]","[11.02189054726368, 12.57412935323383]","[12.889303482587065, 14.05]","[14.31865671641791, 15.376616915422886]"
OR7,"[8.35820895522388, 13.343283582089553]","[13.813930348258706, 15.956965174129355]"
OR8,"[8.096517412935324, 10.31865671641791]","[10.564427860696519, 11.86044776119403]","[12.113184079601991, 14.05]"
OR9
OR10
DAY 1
#,Operation1,Operation2,Operation3,Operation4,Operation5
OR1
OR2
OR3,"[12.429601990049752, 18.828358208955223]"
OR4
OR5,"[9.78905472636816, 11.351741293532339]","[11.591044776119404, 13.381592039800996]","[14.552487562189055, 17.16641791044776]","[18.79900497512438, 19.933333333333334]"
OR6
OR7
OR8
OR9
OR10

DAY 2
#,Operation1,Operation2,Operation3,Operation4,Operation5
OR1,"[12.479601990049751, 18.295024875621888]"
OR2
OR3
OR4,"[12.06318407960199, 13.498756218905472]"
OR5
OR6
OR7
OR8,"[13.246268656716419, 18.39502487562189]"
OR9
OR10



WEEK 4
DAY 1
#,Operation1,Operation2,Operation3,Operation4,Operation5
OR1,"[8.069402985074626, 9.66542288557214]","[10.2818407960199, 11.618905472636815]","[12.188805970149254, 14.066666666666666]"
OR2,"[8.524129353233832, 15.107960199004975]"
OR3,"[8.274875621890546, 13.30995024875622]","[13.963930348258707, 16.006965174129355]"
OR4,"[9.283582089552239, 10.48731343283582]","[11.721641791044776, 19.983333333333334]"
OR5,"[8.208955223880597, 11.436318407960199]","[11.87089552238806, 13.147512437810944]","[13.87089552238806, 15.96044776119403]"
OR6,"[8.262437810945274, 9.137810945273632]","[9.558457711442786, 11.412686567164178]","[12.029850746268657, 12.964925373134328]","[13.754228855721394, 14.57412935323383]"
OR7,"[13.111442786069652, 16.25547263681592]","[17.70149253731343, 20.083333333333332]"
OR8,"[7.979850746268657, 10.235323383084577]","[10.481094527363185, 11.927114427860698]","[12.179850746268658, 14.05]"
OR9,"[9.250248756218905, 10.553980099502489]","[11.721641791044776, 19.95]"
OR10,"[8.238805970149254, 9.548756218905472]","[10.082587064676618, 11.529353233830845]","[11.990298507462688, 13.774378109452735]","[14.248507462686566, 14.606716417910446]"

DAY 2
#,Operation1,Operation2,Operation3,Operation4,Operation5
OR1,"[8.593532338308458, 15.797263681592039]","[16.414427860696517, 19.359950248756217]"
OR2,"[8.096517412935324, 10.31865671641791]","[10.581094527363184, 11.943781094527363]","[12.16318407960199, 14.05]"
OR3,"[9.546019900497512, 16.262437810945272]","[16.709452736318408, 17.943781094527363]"
OR4,"[7.698009950248756, 11.867412935323383]","[12.815671641791043, 14.613681592039802]"
OR5,"[8.215174129353233, 9.247512437810945]","[9.963930348258707, 11.270398009950249]","[11.996517412935324, 17.509203980099503]"
OR6,"[13.028109452736318, 16.30547263681592]","[17.684825870646765, 20.016666666666666]"
OR7,"[9.884079601990049, 11.170398009950247]","[12.016666666666667, 15.343283582089553]"
OR8,"[7.940298507462686, 9.33358208955224]","[9.545273631840796, 11.695273631840797]","[12.158955223880596, 15.259950248756219]"
OR9,"[7.897263681592039, 8.78233830845771]","[9.127363184079602, 10.431094527363184]","[10.726119402985073, 12.8455223880597]","[13.037810945273632, 13.800746268656715]","[13.990298507462686, 16.474129353233828]"
OR10,"[8.46094527363184, 17.177363184079603]"

DAY 3
#,Operation1,Operation2,Operation3,Operation4,Operation5
OR1,"[8.6636815920398, 14.547014925373134]"
OR2,"[9.144029850746268, 14.613681592039802]","[15.12810945273632, 16.796268656716418]","[18.063184079601992, 20.0]"
OR3,"[8.527611940298508, 17.260696517412935]"
OR4,"[9.289800995024875, 11.35995024875622]","[11.612686567164179, 17.638308457711442]"
OR5,"[9.638308457711442, 15.841044776119404]","[16.83233830845771, 19.930597014925375]"
OR6,"[7.70771144278607, 8.483830845771143]","[9.439054726368159, 15.498756218905472]","[16.676865671641792, 19.983333333333334]"
OR7,"[7.807711442786069, 8.517164179104476]","[9.572388059701494, 15.66542288557214]","[16.710199004975124, 19.95]"
OR8,"[8.099253731343284, 9.900746268656716]","[10.613681592039802, 11.39950248756219]","[13.496019900497512, 17.337064676616915]","[19.25995024875622, 20.0]"
OR9,"[8.248507462686566, 9.197512437810945]","[9.94726368159204, 11.20373134328358]","[11.946517412935323, 17.57587064676617]"
OR10,"[9.127363184079602, 14.680348258706468]","[15.044776119402986, 16.812935323383083]","[17.96318407960199, 20.033333333333335]"

DAY 4
#,Operation1,Operation2,Operation3,Operation4,Operation5
OR1,"[9.277363184079602, 14.580348258706467]","[15.078109452736319, 16.712935323383082]","[18.063184079601992, 20.033333333333335]"
OR2
OR3,"[8.643532338308459, 15.963930348258707]","[16.514427860696518, 19.376616915422886]"
OR4,"[8.441542288557214, 13.293283582089552]","[13.84726368159204, 16.02363184079602]"
OR5,"[8.949004975124378, 12.072885572139302]","[12.470646766169155, 17.442537313432837]"
OR6,"[7.98681592039801, 8.998258706467661]","[9.525870646766169, 13.850746268656716]","[14.544278606965173, 16.440796019900496]"
OR7,"[9.319651741293532, 12.115920398009951]","[12.51094527363184, 15.813930348258706]","[16.842039800995025, 18.351243781094528]"
OR8,"[9.638308457711442, 15.85771144278607]","[16.79900497512438, 19.963930348258707]"
OR9,"[8.053482587064677, 9.977114427860696]","[10.802487562189055, 12.557462686567165]","[12.859452736318408, 14.384577114427861]","[16.30820895522388, 17.067661691542288]"
OR10

DAY 5
#,Operation1,Operation2,Operation3,Operation4,Operation5
OR1,"[8.503980099502488, 9.917412935323382]","[10.391542288557213, 12.225621890547265]","[12.829601990049753, 15.42313432835821]","[17.144029850746268, 17.804228855721394]","[19.19402985074627, 20.083333333333332]"
OR2,"[8.633084577114428, 15.313432835820896]"
OR3,"[8.274875621890546, 13.393283582089554]","[13.813930348258706, 15.906965174129354]"
OR4,"[8.365174129353234, 9.028109452736318]","[9.698009950248757, 10.497761194029852]","[10.842039800995025, 11.721641791044776]","[12.172139303482588, 13.276616915422887]","[15.173880597014925, 15.96044776119403]"
OR5,"[9.289800995024875, 11.40995024875622]","[11.629353233830845, 17.65497512437811]"
OR6,"[8.361691542288558, 9.319651741293532]","[10.016666666666667, 12.235323383084577]","[13.005223880597015, 15.098258706467663]"
OR7,"[8.391542288557213, 13.326616915422886]","[13.913930348258706, 15.990298507462688]"
OR8,"[7.698009950248756, 11.834079601990048]","[12.799004975124378, 14.613681592039802]"
OR9,"[7.953482587064677, 9.06492537313433]","[9.475870646766168, 13.867412935323383]","[14.41094527363184, 16.590796019900495]"
OR10,"[8.172139303482588, 9.648756218905472]","[10.132587064676617, 11.51268656716418]","[12.023631840796021, 13.741044776119402]","[14.215174129353233, 14.673383084577114]"
DAY 1
#,Operation1,Operation2,Operation3,Operation4,Operation5
OR1,"[9.255721393034825, 11.368407960199004]","[11.924378109452736, 12.831592039800995]","[15.035820895522388, 17.21641791044776]","[18.79900497512438, 19.933333333333334]"
OR2
OR3
OR4
OR5
OR6
OR7
OR8
OR9
OR10,"[12.096517412935324, 13.51542288557214]"

DAY 2
#,Operation1,Operation2,Operation3,Operation4,Operation5
OR1
OR2
OR3,"[11.946517412935323, 13.182089552238805]"
OR4
OR5,"[9.33905472636816, 11.051741293532338]","[11.874378109452737, 12.881592039800996]","[15.285820895522388, 16.249751243781095]","[18.532338308457714, 20.35]"
OR6
OR7
OR8
OR9
OR10



WEEK 5
DAY 1
#,Operation1,Operation2,Operation3,Operation4,Operation5
OR1,"[8.225621890547265, 11.369651741293533]","[11.737562189054726, 13.11417910447761]","[13.82089552238806, 15.943781094527363]"
OR2,"[8.298507462686567, 9.230845771144278]","[9.880597014925373, 11.253731343283581]","[11.96318407960199, 17.492537313432837]"
OR3,"[8.202736318407961, 9.598756218905473]","[10.215174129353233, 11.485572139303482]","[12.255472636815922, 14.016666666666667]"
OR4,"[9.446019900497511, 16.22910447761194]","[16.709452736318408, 17.99378109452736]"
OR5,"[8.132587064676617, 9.303731343283582]","[9.62860696517413, 10.530348258706468]","[10.988557213930347, 12.557462686567165]","[12.75597014925373, 14.05]","[14.335323383084576, 15.376616915422886]"
OR6,"[8.186069651741294, 9.565422885572138]","[10.3318407960199, 11.552238805970148]","[12.238805970149254, 13.933333333333334]"
OR7,"[7.970149253731344, 9.843781094527364]","[10.752487562189055, 12.524129353233832]","[12.809452736318407, 14.351243781094528]","[16.40820895522388, 17.16766169154229]"
OR8,"[8.30547263681592, 9.66542288557214]","[10.082587064676618, 11.429353233830845]","[11.856965174129353, 13.841044776119404]","[14.298507462686567, 14.723383084577113]"
OR9,"[8.365174129353234, 9.12810945273632]","[9.814676616915424, 10.464427860696519]","[10.958706467661692, 11.671641791044776]","[12.288805970149255, 13.343283582089553]","[15.207213930348258, 15.86044776119403]"
OR10,"[9.767412935323382, 11.253731343283581]","[12.033333333333333, 15.30995024875622]"

DAY 2
#,Operation1,Operation2,Operation3,Operation4,Operation5
OR1,"[8.650497512437811, 9.66542288557214]","[9.898009950248756, 10.948258706467662]","[11.446019900497511, 13.098258706467663]","[13.62860696517413, 15.598756218905473]"
OR2,"[8.05273631840796, 9.904228855721394]","[10.57686567164179, 13.492537313432836]","[14.48731343283582, 16.48457711442786]"
OR3,"[9.53905472636816, 11.30995024875622]"
OR4,"[8.424875621890546, 13.40995024875622]","[13.84726368159204, 15.92363184079602]"
OR5,"[8.41094527363184, 17.110696517412936]"
OR6
OR7,"[9.588308457711442, 15.85771144278607]","[16.89900497512438, 19.830597014925374]"
OR8,"[8.35820895522388, 13.30995024875622]","[13.797263681592039, 16.02363184079602]"
OR9,"[7.970149253731344, 9.943781094527363]","[10.919154228855723, 12.590796019900498]","[12.809452736318407, 14.367910447761194]","[16.291542288557213, 17.067661691542288]"
OR10,"[8.570646766169155, 9.800746268656715]","[10.441542288557214, 12.125621890547263]","[12.779601990049752, 15.439800995024875]","[17.227363184079604, 17.754228855721394]","[19.24402985074627, 20.066666666666666]"

DAY 3
#,Operation1,Operation2,Operation3,Operation4,Operation5
OR1
OR2,"[7.946517412935324, 10.201990049751243]","[10.497761194029852, 11.843781094527364]","[12.079850746268656, 13.95]"
OR3,"[8.082587064676618, 9.253731343283581]","[9.57860696517413, 10.597014925373134]","[11.005223880597015, 12.507462686567164]","[12.872636815920398, 13.966666666666667]","[14.351990049751244, 15.326616915422886]"
OR4,"[8.457462686567164, 15.124626865671642]"
OR5,"[8.029850746268657, 10.335323383084576]","[10.564427860696519, 11.893781094527363]","[12.06318407960199, 14.016666666666667]"
OR6,"[8.6636815920398, 14.630348258706467]"
OR7,"[8.245771144278606, 9.187810945273633]","[9.708457711442787, 11.446019900497511]","[11.946517412935323, 12.948258706467662]","[13.854228855721393, 14.507462686567164]"
OR8,"[7.953482587064677, 9.943781094527363]","[10.819154228855721, 12.474129353233831]","[12.726119402985073, 14.351243781094528]","[16.291542288557213, 17.16766169154229]"
OR9,"[9.352985074626865, 12.149253731343284]","[12.46094527363184, 15.813930348258706]","[16.85870646766169, 18.43457711442786]"
OR10,"[8.165920398009952, 9.917412935323382]","[10.597014925373134, 11.366169154228857]","[13.51268656716418, 17.237064676616917]","[19.309950248756216, 19.966666666666665]"

DAY 4
#,Operation1,Operation2,Operation3,Operation4,Operation5
OR1
OR2,"[8.086069651741294, 9.648756218905472]","[10.381840796019901, 11.585572139303482]","[12.172139303482588, 14.083333333333334]"
OR3,"[7.897263681592039, 8.93233830845771]","[9.194029850746269, 10.481094527363185]","[10.726119402985073, 12.978855721393035]","[13.171144278606965, 13.767412935323382]","[13.990298507462686, 16.57412935323383]"
OR4,"[8.530348258706468, 14.547014925373134]"
OR5,"[9.800746268656715, 11.220398009950248]","[11.983333333333333, 15.326616915422886]"
OR6,"[9.316915422885572, 10.520646766169154]","[11.704975124378109, 20.066666666666666]"
OR7,"[8.444278606965174, 17.2773631840796]"
OR8,"[8.291542288557213, 9.57587064676617]","[9.890298507462687, 10.921890547263681]","[12.348507462686568, 13.247512437810945]","[13.956965174129355, 14.785820895522388]"
OR9,"[8.524129353233832, 15.074626865671641]"
OR10,"[8.328358208955224, 9.469651741293532]","[9.983333333333333, 12.185323383084576]","[12.938557213930347, 14.964925373134328]"

DAY 5
#,Operation1,Operation2,Operation3,Operation4,Operation5
OR1,"[9.522388059701493, 11.393283582089554]"
OR2
OR3,"[8.19228855721393, 11.469651741293532]","[11.754228855721394, 13.164179104477611]","[13.904228855721394, 15.827114427860696]"
OR4,"[9.386318407960198, 12.132587064676617]","[12.427611940298506, 15.797263681592039]","[16.892039800995022, 18.501243781094526]"
OR5,"[8.57686567164179, 15.863930348258705]","[16.39776119402985, 19.309950248756216]"
OR6,"[9.588308457711442, 15.75771144278607]","[16.865671641791046, 19.813930348258708]"
OR7,"[8.036069651741293, 9.837562189054728]","[10.593532338308458, 13.559203980099502]","[14.537313432835822, 16.45124378109453]"
OR8,"[8.683084577114428, 13.406467661691542]","[14.199253731343285, 16.0]"
OR9,"[8.199253731343285, 9.767412935323382]","[10.563681592039801, 11.482835820895524]","[13.462686567164178, 17.203731343283582]","[19.359950248756217, 20.066666666666666]"
OR10,"[8.232587064676618, 9.187064676616915]","[9.595273631840795, 10.647014925373135]","[11.038557213930348, 12.557462686567165]","[12.75597014925373, 13.916666666666666]","[14.185323383084576, 15.30995024875622]"
DAY 1
#,Operation1,Operation2,Operation3,Operation4,Operation5
OR1
OR2
OR3
OR4
OR5,"[11.896517412935324, 14.048756218905472]"
OR6
OR7,"[12.41318407960199, 13.91542288557214]"
OR8
OR9
OR10

DAY 2
#,Operation1,Operation2,Operation3,Operation4,Operation5
OR1
OR2
OR3
OR4
OR5
OR6
OR7
OR8
OR9,"[12.379601990049752, 18.39502487562189]"
OR10,"[9.972388059701492, 11.401741293532337]","[11.957711442786069, 13.348258706467663]","[14.952487562189056, 17.149751243781093]","[19.09900497512438, 20.1]"



WEEK 6
DAY 1
#,Operation1,Operation2,Operation3,Operation4,Operation5
OR1,"[8.30547263681592, 9.615422885572139]","[10.115920398009951, 11.446019900497511]","[11.856965174129353, 13.80771144278607]","[14.215174129353233, 14.59004975124378]"
OR2,"[8.099253731343284, 9.917412935323382]","[10.563681592039801, 11.432835820895523]","[13.412686567164178, 17.303731343283584]","[19.393283582089552, 20.033333333333335]"
OR3,"[7.963930348258706, 8.78233830845771]","[9.177363184079601, 10.481094527363185]","[10.742786069651741, 12.828855721393035]","[13.104477611940299, 13.767412935323382]","[14.006965174129354, 16.474129353233828]"
OR4,"[9.33358208955224, 10.520646766169154]","[11.738308457711442, 19.983333333333334]"
OR5
OR6,"[8.202736318407961, 9.854228855721393]","[10.660199004975125, 13.459203980099502]","[14.520646766169154, 16.417910447761194]"
OR7,"[6.951741293532338, 9.800746268656715]","[10.424875621890546, 11.366169154228857]","[11.91044776119403, 15.877114427860697]"
OR8,"[8.991293532338307, 13.525870646766169]","[13.863930348258705, 15.40995024875622]","[15.646019900497512, 17.684825870646765]"
OR9,"[8.2318407960199, 10.12910447761194]"
OR10,"[8.215174129353233, 8.961442786069652]","[9.664676616915424, 10.447761194029852]","[10.858706467661692, 11.638308457711442]","[12.30547263681592, 13.326616915422886]","[15.30721393034826, 15.943781094527363]"

DAY 2
#,Operation1,Operation2,Operation3,Operation4,Operation5
OR1,"[8.842039800995025, 10.779601990049752]","[11.187064676616915, 13.031592039800996]","[13.373134328358208, 14.746268656716419]"
OR2,"[8.274875621890546, 13.276616915422887]","[13.813930348258706, 15.97363184079602]"
OR3,"[8.086069651741294, 9.82089552238806]","[10.710199004975125, 13.509203980099503]","[14.503980099502488, 16.351243781094528]"
OR4,"[8.136069651741295, 9.632089552238806]","[10.265174129353234, 11.535572139303481]","[12.222139303482587, 14.0]"
OR5,"[9.352985074626865, 12.182587064676618]","[12.444278606965174, 15.930597014925374]","[16.875373134328356, 18.43457711442786]"
OR6,"[8.17910447761194, 9.121144278606966]","[9.59179104477612, 11.479353233830846]","[12.029850746268657, 12.964925373134328]","[13.804228855721393, 14.490796019900497]"
OR7,"[7.664676616915423, 11.817412935323382]","[12.849004975124377, 14.613681592039802]"
OR8,"[8.544278606965173, 17.144029850746268]"
OR9,"[8.099253731343284, 9.20373134328358]","[9.57860696517413, 10.680348258706468]","[10.888557213930348, 12.490796019900497]","[12.772636815920398, 14.033333333333333]","[14.26865671641791, 15.426616915422887]"
OR10,"[8.132587064676617, 9.867412935323383]","[10.613681592039802, 11.366169154228857]","[13.379353233830845, 17.253731343283583]","[19.393283582089552, 20.0]"

DAY 3
#,Operation1,Operation2,Operation3,Operation4,Operation5
OR1,"[8.580348258706467, 14.5136815920398]"
OR2,"[8.716417910447761, 15.330099502487563]"
OR3,"[8.095771144278606, 9.021144278606965]","[9.608457711442787, 11.396019900497512]","[11.96318407960199, 13.06492537313433]","[13.737562189054726, 14.590796019900498]"
OR4,"[8.693532338308458, 15.830597014925372]","[16.514427860696518, 19.393283582089552]"
OR5,"[8.533830845771144, 9.632089552238806]","[9.83134328358209, 11.031592039800996]","[11.529353233830845, 13.098258706467663]","[13.645273631840796, 15.66542288557214]"
OR6,"[8.992039800995025, 10.762935323383086]","[11.320398009950248, 13.014925373134329]","[13.323134328358208, 14.812935323383085]"
OR7,"[6.985074626865671, 9.767412935323382]","[10.291542288557213, 11.416169154228855]","[11.927114427860698, 15.827114427860696]"
OR8,"[8.942039800995026, 10.729601990049751]","[11.270398009950249, 12.998258706467661]","[13.456467661691542, 14.779601990049752]"
OR9
OR10,"[8.583830845771145, 9.498756218905472]","[9.764676616915423, 10.964925373134328]","[11.462686567164178, 13.048258706467662]","[13.561940298507462, 15.532089552238805]"

DAY 4
#,Operation1,Operation2,Operation3,Operation4,Operation5
OR1,"[8.149253731343284, 9.93407960199005]","[10.613681592039802, 11.432835820895523]","[13.412686567164178, 17.337064676616915]","[19.409950248756218, 20.066666666666666]"
OR2,"[6.918407960199005, 9.867412935323383]","[10.391542288557213, 11.516169154228857]","[11.993781094527364, 15.927114427860698]"
OR3,"[8.10273631840796, 9.632089552238806]","[10.381840796019901, 11.518905472636815]","[12.172139303482588, 14.033333333333333]"
OR4,"[7.856965174129353, 9.316915422885572]","[9.695273631840797, 11.528606965174129]","[12.208955223880597, 15.326616915422886]"
OR5,"[8.649751243781095, 13.289800995024875]","[14.232587064676618, 16.016666666666666]"
OR6
OR7,"[9.529353233830845, 16.262437810945272]","[16.776119402985074, 17.827114427860696]"
OR8,"[8.710199004975125, 15.930597014925374]","[16.514427860696518, 19.359950248756217]"
OR9,"[8.119402985074627, 9.837562189054728]","[10.643532338308459, 13.459203980099502]","[14.587313432835822, 16.334577114427862]"
OR10,"[9.044776119402986, 13.834079601990048]","[14.225621890547265, 17.492537313432837]","[18.125621890547265, 19.933333333333334]"

DAY 5
#,Operation1,Operation2,Operation3,Operation4,Operation5
OR1,"[8.6636815920398, 14.563681592039801]"
OR2,"[8.291542288557213, 9.459203980099502]","[9.97363184079602, 10.971890547263682]","[12.365174129353234, 13.097512437810945]","[13.856965174129353, 14.835820895522389]"
OR3,"[8.50049751243781, 9.548756218905472]","[9.764676616915423, 11.081592039800995]","[11.529353233830845, 13.081592039800995]","[13.545273631840796, 15.565422885572138]"
OR4,"[9.386318407960198, 12.21592039800995]","[12.527611940298508, 15.813930348258706]","[16.892039800995022, 18.351243781094528]"
OR5,"[9.78407960199005, 11.270398009950249]","[11.916666666666666, 15.40995024875622]"
OR6,"[13.028109452736318, 16.172139303482588]","[17.668159203980096, 20.033333333333335]"
OR7,"[7.648009950248756, 11.850746268656716]","[12.93233830845771, 14.563681592039801]"
OR8,"[9.216915422885572, 19.916666666666668]"
OR9,"[8.158955223880596, 11.3363184079602]","[11.737562189054726, 13.130845771144278]","[13.904228855721394, 15.893781094527363]"
OR10,"[8.560199004975125, 15.89726368159204]","[16.464427860696517, 19.29328358208955]"
DAY 1
#,Operation1,Operation2,Operation3,Operation4,Operation5
OR1
OR2
OR3
OR4
OR5
OR6,"[11.91318407960199, 13.998756218905472]"
OR7
OR8
OR9
OR10,"[11.746517412935324, 13.848756218905473]"

DAY 2
#,Operation1,Operation2,Operation3,Operation4,Operation5
OR1
OR2
OR3
OR4
OR5
OR6
OR7
OR8
OR9
OR10



WEEK 7
DAY 1
#,Operation1,Operation2,Operation3,Operation4,Operation5
OR1,"[8.21592039800995, 9.867412935323383]","[10.5136815920398, 11.516169154228857]","[13.496019900497512, 17.237064676616917]","[19.393283582089552, 20.083333333333332]"
OR2,"[9.33358208955224, 10.520646766169154]","[11.60497512437811, 20.083333333333332]"
OR3,"[8.374875621890547, 9.42587064676617]","[9.856965174129353, 11.038557213930348]","[12.265174129353234, 13.164179104477611]","[13.92363184079602, 14.802487562189055]"
OR4,"[9.011442786069653, 13.900746268656716]","[14.24228855721393, 17.57587064676617]","[18.225621890547263, 20.033333333333335]"
OR5,"[8.145771144278607, 9.021144278606965]","[9.608457711442787, 11.529353233830845]","[11.96318407960199, 13.048258706467662]","[13.887562189054727, 14.590796019900498]"
OR6,"[9.259950248756219, 15.259950248756219]"
OR7,"[9.110696517412935, 14.597014925373134]","[15.094776119402987, 16.662935323383085]","[17.96318407960199, 20.083333333333332]"
OR8,"[8.036815920398011, 9.993781094527364]","[10.785820895522388, 12.524129353233832]","[12.809452736318407, 14.367910447761194]","[16.274875621890548, 17.134328358208954]"
OR9,"[8.766417910447762, 15.39676616915423]"
OR10

DAY 2
#,Operation1,Operation2,Operation3,Operation4,Operation5
OR1,"[8.610199004975124, 15.863930348258705]","[16.381094527363185, 19.34328358208955]"
OR2,"[8.315174129353235, 9.147512437810944]","[9.963930348258707, 11.287064676616914]","[11.979850746268657, 17.442537313432837]"
OR3,"[8.232587064676618, 9.287064676616914]","[9.62860696517413, 10.597014925373134]","[11.005223880597015, 12.457462686567164]","[12.75597014925373, 13.966666666666667]","[14.301990049751243, 15.343283582089553]"
OR4,"[8.60049751243781, 9.632089552238806]","[9.881343283582089, 11.081592039800995]","[11.496019900497512, 12.931592039800995]","[13.57860696517413, 15.548756218905472]"
OR5,"[7.897263681592039, 8.865671641791044]","[9.127363184079602, 10.514427860696518]","[10.776119402985074, 12.862189054726368]","[13.187810945273633, 13.78407960199005]","[14.040298507462687, 16.42412935323383]"
OR6,"[8.096517412935324, 10.31865671641791]","[10.531094527363186, 11.893781094527363]","[12.129850746268657, 13.966666666666667]"
OR7,"[8.222139303482587, 9.51542288557214]","[10.165920398009952, 11.446019900497511]","[11.856965174129353, 13.774378109452735]","[14.248507462686566, 14.673383084577114]"
OR8
OR9,"[8.457462686567164, 15.02462686567164]"
OR10,"[8.676865671641792, 15.89726368159204]","[16.497761194029852, 19.276616915422885]"

DAY 3
#,Operation1,Operation2,Operation3,Operation4,Operation5
OR1,"[8.053482587064677, 9.993781094527364]","[10.819154228855721, 12.42412935323383]","[12.742786069651741, 14.467910447761195]","[16.291542288557213, 17.217661691542286]"
OR2,"[8.560199004975125, 15.797263681592039]","[16.44776119402985, 19.359950248756217]"
OR3,"[9.094776119402987, 13.917412935323382]","[14.24228855721393, 17.442537313432837]","[18.175621890547262, 19.916666666666668]"
OR4,"[9.834079601990048, 11.220398009950248]","[11.916666666666666, 15.276616915422887]"
OR5,"[9.767412935323382, 11.170398009950247]","[12.066666666666666, 15.376616915422886]"
OR6,"[9.48905472636816, 11.259950248756219]"
OR7,"[8.265174129353234, 10.095771144278606]"
OR8,"[7.018407960199005, 9.817412935323382]","[10.341542288557212, 11.516169154228857]","[11.927114427860698, 15.843781094527364]"
OR9,"[9.850746268656716, 11.320398009950248]","[12.066666666666666, 15.426616915422887]"
OR10,"[9.326616915422886, 15.259950248756219]"

DAY 4
#,Operation1,Operation2,Operation3,Operation4,Operation5
OR1,"[7.930597014925373, 8.882338308457712]","[9.24402985074627, 10.531094527363186]","[10.709452736318408, 12.928855721393035]","[13.104477611940299, 13.834079601990048]","[14.090298507462688, 16.42412935323383]"
OR2,"[8.374875621890547, 9.475870646766168]","[9.92363184079602, 10.905223880597013]","[12.2818407960199, 13.147512437810944]","[13.990298507462688, 14.852487562189056]"
OR3
OR4,"[8.113184079601991, 10.21865671641791]","[10.464427860696519, 11.943781094527363]","[12.113184079601991, 13.983333333333333]"
OR5,"[7.035074626865671, 9.917412935323382]","[10.30820895522388, 11.432835820895523]","[11.91044776119403, 15.827114427860696]"
OR6,"[7.946517412935324, 10.201990049751243]","[10.464427860696519, 11.993781094527364]","[12.16318407960199, 14.0]"
OR7,"[8.544278606965173, 17.110696517412936]"
OR8,"[9.419651741293533, 12.232587064676618]","[12.41094527363184, 15.89726368159204]","[16.958706467661692, 18.501243781094526]"
OR9
OR10,"[13.094776119402987, 16.322139303482587]","[17.751492537313432, 20.0]"

DAY 5
#,Operation1,Operation2,Operation3,Operation4,Operation5
OR1,"[8.119402985074627, 9.598756218905473]","[10.265174129353234, 11.468905472636814]","[12.288805970149255, 14.05]"
OR2,"[8.925373134328359, 10.746268656716419]","[11.237064676616914, 12.998258706467661]","[13.323134328358208, 14.712935323383086]"
OR3
OR4,"[8.341542288557212, 13.259950248756219]","[13.797263681592039, 15.87363184079602]"
OR5,"[8.938557213930347, 16.65049751243781]"
OR6,"[9.366915422885572, 10.470646766169155]","[11.738308457711442, 19.933333333333334]"
OR7,"[8.849004975124377, 12.056218905472637]","[12.48731343283582, 17.409203980099505]"
OR8,"[9.057960199004974, 13.492537313432836]","[13.89726368159204, 15.293283582089552]","[15.51268656716418, 17.65149253731343]"
OR9,"[8.2818407960199, 9.197512437810945]","[9.813930348258706, 11.220398009950248]","[11.96318407960199, 17.57587064676617]"
OR10,"[7.970149253731344, 9.06492537313433]","[9.475870646766168, 13.78407960199005]","[14.560945273631841, 16.557462686567163]"
DAY 1
#,Operation1,Operation2,Operation3,Operation4,Operation5
OR1
OR2
OR3
OR4
OR5
OR6
OR7
OR8
OR9
OR10

DAY 2
#,Operation1,Operation2,Operation3,Operation4,Operation5
OR1,"[12.16318407960199, 13.66542288557214]"
OR2
OR3
OR4
OR5
OR6,"[9.122388059701493, 10.968407960199004]","[11.541044776119403, 12.864925373134328]","[14.902487562189055, 16.533084577114426]","[18.682338308457712, 20.383333333333333]"
OR7
OR8
OR9
OR10



WEEK 8
DAY 1
#,Operation1,Operation2,Operation3,Operation4,Operation5
OR1,"[7.764676616915422, 11.850746268656716]","[12.93233830845771, 14.5136815920398]"
OR2,"[8.799751243781095, 15.346766169154229]"
OR3,"[9.412686567164178, 16.145771144278605]","[16.776119402985074, 17.927114427860694]"
OR4,"[7.990298507462686, 9.283582089552239]","[9.695273631840797, 11.595273631840795]","[12.24228855721393, 15.293283582089552]"
OR5,"[8.477611940298507, 17.160696517412934]"
OR6,"[8.182587064676618, 9.337064676616915]","[9.611940298507463, 10.580348258706467]","[11.038557213930348, 12.474129353233831]","[12.855970149253732, 14.033333333333333]","[14.201990049751243, 15.326616915422886]"
OR7,"[8.849004975124377, 10.981592039800995]","[11.748009950248758, 14.712935323383086]"
OR8,"[8.381840796019901, 9.094776119402987]","[9.648009950248756, 10.464427860696519]","[10.942039800995026, 11.588308457711442]","[12.238805970149254, 13.376616915422886]","[15.140547263681592, 15.91044776119403]"
OR9,"[8.992039800995025, 10.762935323383086]","[11.187064676616915, 12.981592039800995]","[13.339800995024875, 14.729601990049751]"
OR10,"[8.961442786069652, 13.867412935323383]","[14.175621890547264, 17.459203980099502]","[18.175621890547262, 20.0]"

DAY 2
#,Operation1,Operation2,Operation3,Operation4,Operation5
OR1,"[9.323134328358208, 11.40995024875622]","[11.662686567164178, 17.704975124378112]"
OR2,"[8.633084577114428, 15.24676616915423]"
OR3,"[8.322139303482588, 9.66542288557214]","[10.115920398009951, 11.51268656716418]","[11.890298507462687, 13.824378109452736]","[14.365174129353234, 14.623383084577114]"
OR4,"[8.2818407960199, 9.111442786069652]","[9.664676616915424, 10.514427860696518]","[10.942039800995026, 11.671641791044776]","[12.255472636815922, 13.40995024875622]","[15.173880597014925, 15.943781094527363]"
OR5,"[9.834079601990048, 11.20373134328358]","[12.05, 15.293283582089552]"
OR6,"[9.127363184079602, 14.547014925373134]","[14.994776119402985, 16.762935323383083]","[18.063184079601992, 20.016666666666666]"
OR7,"[9.40995024875622, 15.376616915422886]"
OR8,"[9.621641791044775, 15.724378109452736]","[16.89900497512438, 19.813930348258708]"
OR9,"[9.277363184079602, 14.563681592039801]","[15.094776119402987, 16.779601990049752]","[17.946517412935325, 19.916666666666668]"
OR10,"[9.917412935323382, 11.237064676616914]","[12.066666666666666, 15.326616915422886]"

DAY 3
#,Operation1,Operation2,Operation3,Operation4,Operation5
OR1,"[9.48905472636816, 11.35995024875622]"
OR2,"[8.942039800995026, 10.696268656716418]","[11.270398009950249, 13.06492537313433]","[13.356467661691541, 14.679601990049752]"
OR3,"[8.858706467661692, 10.829601990049753]","[11.303731343283582, 13.081592039800995]","[13.373134328358208, 14.696268656716418]"
OR4,"[7.98681592039801, 8.981592039800995]","[9.509203980099503, 13.900746268656716]","[14.46094527363184, 16.457462686567162]"
OR5,"[8.15547263681592, 9.598756218905473]","[10.06592039800995, 11.462686567164178]","[11.856965174129353, 13.724378109452736]","[14.248507462686566, 14.706716417910448]"
OR6,"[8.97537313432836, 10.712935323383086]","[11.20373134328358, 13.014925373134329]","[13.306467661691542, 14.679601990049752]"
OR7,"[8.30820895522388, 9.559203980099502]","[9.940298507462687, 10.955223880597014]","[12.315174129353235, 13.197512437810945]","[14.006965174129354, 14.852487562189056]"
OR8,"[9.323134328358208, 11.426616915422887]","[11.596019900497511, 17.738308457711444]"
OR9,"[8.169402985074628, 9.598756218905473]","[10.2318407960199, 11.568905472636816]","[12.30547263681592, 13.933333333333334]"
OR10,"[8.899004975124377, 11.014925373134329]","[11.714676616915423, 14.746268656716419]"

DAY 4
#,Operation1,Operation2,Operation3,Operation4,Operation5
OR1,"[8.626865671641792, 15.813930348258706]","[16.44776119402985, 19.376616915422886]"
OR2,"[7.857711442786069, 8.583830845771145]","[9.505721393034825, 15.632089552238806]","[16.676865671641792, 20.083333333333332]"
OR3,"[8.365174129353234, 10.22910447761194]"
OR4,"[8.733084577114429, 15.263432835820895]"
OR5,"[8.274875621890546, 13.30995024875622]","[13.797263681592039, 15.87363184079602]"
OR6,"[9.452985074626866, 12.099253731343284]","[12.494278606965175, 15.863930348258705]","[16.925373134328357, 18.45124378109453]"
OR7
OR8,"[7.748009950248756, 11.800746268656715]","[12.93233830845771, 14.580348258706467]"
OR9
OR10,"[8.441542288557214, 13.343283582089553]","[13.797263681592039, 15.906965174129354]"

DAY 5
#,Operation1,Operation2,Operation3,Operation4,Operation5
OR1,"[8.01318407960199, 10.185323383084576]","[10.39776119402985, 11.943781094527363]","[12.146517412935324, 14.016666666666667]"
OR2,"[8.411691542288558, 9.419651741293533]","[9.95, 12.285323383084577]","[12.888557213930348, 15.06492537313433]"
OR3,"[9.588308457711442, 15.841044776119404]","[16.83233830845771, 19.880597014925375]"
OR4,"[7.018407960199005, 9.834079601990048]","[10.35820895522388, 11.466169154228856]","[11.96044776119403, 15.96044776119403]"
OR5,"[9.194029850746269, 14.6636815920398]","[15.094776119402987, 16.662935323383085]","[18.11318407960199, 20.083333333333332]"
OR6,"[8.036815920398011, 9.06492537313433]","[9.57587064676617, 13.900746268656716]","[14.46094527363184, 16.57412935323383]"
OR7,"[9.393283582089554, 15.259950248756219]"
OR8,"[8.899004975124377, 10.964925373134328]","[11.78134328358209, 14.829601990049753]"
OR9,"[7.664676616915423, 11.93407960199005]","[12.799004975124378, 14.613681592039802]"
OR10,"[9.260696517412935, 14.613681592039802]","[15.044776119402986, 16.72960199004975]","[18.11318407960199, 20.033333333333335]"
DAY 1
#,Operation1,Operation2,Operation3,Operation4,Operation5
OR1
OR2,"[12.612935323383086, 18.261691542288556]"
OR3,"[13.129601990049752, 17.928358208955224]"
OR4,"[9.022388059701493, 10.968407960199004]","[11.541044776119403, 13.181592039800995]","[14.869154228855722, 17.16641791044776]","[18.59900497512438, 20.4]"
OR5
OR6
OR7
OR8
OR9
OR10,"[12.929601990049752, 18.261691542288556]"

DAY 2
#,Operation1,Operation2,Operation3,Operation4,Operation5
OR1
OR2
OR3
OR4
OR5,"[12.662935323383085, 18.161691542288555]"
OR6,"[12.496517412935324, 13.498756218905472]"
OR7
OR8
OR9
OR10



