time,workload,stores
11/4/2025 21:08,0,1
11/4/2025 21:08,0,1
11/4/2025 21:08,0,1
11/4/2025 21:08,0,1
11/4/2025 21:08,0,1
11/4/2025 21:08,0,1
11/4/2025 21:08,0,1
11/4/2025 21:08,0,1
11/4/2025 21:08,0,1
11/4/2025 21:08,0,1
11/4/2025 21:08,0,1
11/4/2025 21:08,0,1
11/4/2025 21:08,0,1
11/4/2025 21:08,0,1
11/4/2025 21:08,0,1
11/4/2025 21:08,0,1
11/4/2025 21:08,0,1
11/4/2025 21:08,0,1
11/4/2025 21:09,0,1
11/4/2025 21:09,0,1
11/4/2025 21:09,0,1
11/4/2025 21:09,0,1
11/4/2025 21:09,0,1
11/4/2025 21:09,0,1
11/4/2025 21:09,0,1
11/4/2025 21:09,0,1
11/4/2025 21:09,0,1
11/4/2025 21:09,0,1
11/4/2025 21:09,0,1
11/4/2025 21:09,0,1
11/4/2025 21:09,0,1
11/4/2025 21:09,0,1
11/4/2025 21:09,0,1
11/4/2025 21:09,0,1
11/4/2025 21:09,0,1
11/4/2025 21:09,0,1
11/4/2025 21:09,0,1
11/4/2025 21:09,0,1
11/4/2025 21:09,0,1
11/4/2025 21:09,0,1
11/4/2025 21:09,0,1
11/4/2025 21:09,0,1
11/4/2025 21:09,0,1
11/4/2025 21:09,0,1
11/4/2025 21:09,0,1
11/4/2025 21:09,0,1
11/4/2025 21:09,0,1
11/4/2025 21:09,0,1
11/4/2025 21:10,0,1
11/4/2025 21:10,0,1
11/4/2025 21:10,0,1
11/4/2025 21:10,0,1
11/4/2025 21:10,0,1
11/4/2025 21:10,0,1
11/4/2025 21:10,0,1
11/4/2025 21:10,0,1
11/4/2025 21:10,0,1
11/4/2025 21:10,0,1
11/4/2025 21:10,0,1
11/4/2025 21:10,0,1
11/4/2025 21:10,0,1
11/4/2025 21:10,0,1
11/4/2025 21:10,0,1
11/4/2025 21:10,0,1
11/4/2025 21:10,0,1
11/4/2025 21:10,0,1
11/4/2025 21:10,0,1
11/4/2025 21:10,0,1
11/4/2025 21:10,0,1
11/4/2025 21:10,0,1
11/4/2025 21:10,0,1
11/4/2025 21:10,0,1
11/4/2025 21:10,0,1
11/4/2025 21:10,1,1
11/4/2025 21:10,1,1
11/4/2025 21:10,1,1
11/4/2025 21:10,1,1
11/4/2025 21:10,1,1
11/4/2025 21:11,1,1
11/4/2025 21:11,1,1
11/4/2025 21:11,1,1
11/4/2025 21:11,1,1
11/4/2025 21:11,1,1
11/4/2025 21:11,1,1
11/4/2025 21:11,1,1
11/4/2025 21:11,1,1
11/4/2025 21:11,1,1
11/4/2025 21:11,1,1
11/4/2025 21:11,1,1
11/4/2025 21:11,1,1
11/4/2025 21:11,1,1
11/4/2025 21:11,1,1
11/4/2025 21:11,1,1
11/4/2025 21:11,1,1
11/4/2025 21:11,1,1
11/4/2025 21:11,1,1
11/4/2025 21:11,1,1
11/4/2025 21:11,1,1
11/4/2025 21:11,1,1
11/4/2025 21:11,1,1
11/4/2025 21:11,1,1
11/4/2025 21:11,1,1
11/4/2025 21:11,1,1
11/4/2025 21:11,1,1
11/4/2025 21:11,1,1
11/4/2025 21:11,1,1
11/4/2025 21:11,1,1
11/4/2025 21:11,1,1
11/4/2025 21:12,1,1
11/4/2025 21:12,1,1
11/4/2025 21:12,1,1
11/4/2025 21:12,1,1
11/4/2025 21:12,1,1
11/4/2025 21:12,1,1
11/4/2025 21:12,1,1
11/4/2025 21:12,1,1
11/4/2025 21:12,1,1
11/4/2025 21:12,1,1
11/4/2025 21:12,1,1
11/4/2025 21:12,1,1
11/4/2025 21:12,1,1
11/4/2025 21:12,1,1
11/4/2025 21:12,1,1
11/4/2025 21:12,1,1
11/4/2025 21:12,1,1
11/4/2025 21:12,1,1
11/4/2025 21:12,1,1
11/4/2025 21:12,1,1
11/4/2025 21:12,1,1
11/4/2025 21:12,1,1
11/4/2025 21:12,1,1
11/4/2025 21:12,1,1
11/4/2025 21:12,1,1
11/4/2025 21:12,1,1
11/4/2025 21:12,1,1
11/4/2025 21:12,1,1
11/4/2025 21:12,1,1
11/4/2025 21:12,1,1
11/4/2025 21:13,1,1
11/4/2025 21:13,1,1
11/4/2025 21:13,1,1
11/4/2025 21:13,1,1
11/4/2025 21:13,1,1
11/4/2025 21:13,1,1
11/4/2025 21:13,1,1
11/4/2025 21:13,1,1
11/4/2025 21:13,1,1
11/4/2025 21:13,1,1
11/4/2025 21:13,1,1
11/4/2025 21:13,1,1
11/4/2025 21:13,1,1
11/4/2025 21:13,1,1
11/4/2025 21:13,1,1
11/4/2025 21:13,1,1
11/4/2025 21:13,1,1
11/4/2025 21:13,1,1
11/4/2025 21:13,1,1
11/4/2025 21:13,1,1
11/4/2025 21:13,1,1
11/4/2025 21:13,1,1
11/4/2025 21:13,1,1
11/4/2025 21:13,1,1
11/4/2025 21:13,1,1
11/4/2025 21:13,1,1
11/4/2025 21:13,1,1
11/4/2025 21:13,1,1
11/4/2025 21:13,1,1
11/4/2025 21:13,1,1
11/4/2025 21:14,1,1
11/4/2025 21:14,1,1
11/4/2025 21:14,1,1
11/4/2025 21:14,1,1
11/4/2025 21:14,1,1
11/4/2025 21:14,1,1
11/4/2025 21:14,1,1
11/4/2025 21:14,1,1
11/4/2025 21:14,1,1
11/4/2025 21:14,1,1
11/4/2025 21:14,1,1
11/4/2025 21:14,1,1
11/4/2025 21:14,1,1
11/4/2025 21:14,1,1
11/4/2025 21:14,1,1
11/4/2025 21:14,1,1
11/4/2025 21:14,1,1
11/4/2025 21:14,1,1
11/4/2025 21:14,1,1
11/4/2025 21:14,1,1
11/4/2025 21:14,1,1
11/4/2025 21:14,1,1
11/4/2025 21:14,1,1
11/4/2025 21:14,1,1
11/4/2025 21:14,1,1
11/4/2025 21:14,1,1
11/4/2025 21:14,1,1
11/4/2025 21:14,1,1
11/4/2025 21:14,1,1
11/4/2025 21:14,1,1
11/4/2025 21:15,1,1
11/4/2025 21:15,1,1
11/4/2025 21:15,1,1
11/4/2025 21:15,1,1
11/4/2025 21:15,1,1
11/4/2025 21:15,1,1
11/4/2025 21:15,1,1
11/4/2025 21:15,1,1
11/4/2025 21:15,1,1
11/4/2025 21:15,1,1
11/4/2025 21:15,4,1
11/4/2025 21:15,4,1
11/4/2025 21:15,4,1
11/4/2025 21:15,4,1
11/4/2025 21:15,4,1
11/4/2025 21:15,4,1
11/4/2025 21:15,4,1
11/4/2025 21:15,4,1
11/4/2025 21:15,4,1
11/4/2025 21:15,4,1
11/4/2025 21:15,4,1
11/4/2025 21:15,4,1
11/4/2025 21:15,4,1
11/4/2025 21:15,4,1
11/4/2025 21:15,4,1
11/4/2025 21:15,5,1
11/4/2025 21:15,5,1
11/4/2025 21:15,5,1
11/4/2025 21:15,5,1
11/4/2025 21:15,5,1
11/4/2025 21:16,5,1
11/4/2025 21:16,5,1
11/4/2025 21:16,5,1
11/4/2025 21:16,5,1
11/4/2025 21:16,5,1
11/4/2025 21:16,5,1
11/4/2025 21:16,5,1
11/4/2025 21:16,5,1
11/4/2025 21:16,5,1
11/4/2025 21:16,5,1
11/4/2025 21:16,5,1
11/4/2025 21:16,5,1
11/4/2025 21:16,5,1
11/4/2025 21:16,5,1
11/4/2025 21:16,5,1
11/4/2025 21:16,5,1
11/4/2025 21:16,5,1
11/4/2025 21:16,5,1
11/4/2025 21:16,5,1
11/4/2025 21:16,5,1
11/4/2025 21:16,5,1
11/4/2025 21:16,5,1
11/4/2025 21:16,5,1
11/4/2025 21:16,5,1
11/4/2025 21:16,5,1
11/4/2025 21:16,5,1
11/4/2025 21:16,5,1
11/4/2025 21:16,5,1
11/4/2025 21:16,5,1
11/4/2025 21:16,5,1
11/4/2025 21:17,5,1
11/4/2025 21:17,5,1
11/4/2025 21:17,5,1
11/4/2025 21:17,5,1
11/4/2025 21:17,5,1
11/4/2025 21:17,5,1
11/4/2025 21:17,5,1
11/4/2025 21:17,5,1
11/4/2025 21:17,5,1
11/4/2025 21:17,5,1
11/4/2025 21:17,5,1
11/4/2025 21:17,5,1
11/4/2025 21:17,5,1
11/4/2025 21:17,5,1
11/4/2025 21:17,5,1
11/4/2025 21:17,5,1
11/4/2025 21:17,5,1
11/4/2025 21:17,5,1
11/4/2025 21:17,5,1
11/4/2025 21:17,5,1
11/4/2025 21:17,5,1
11/4/2025 21:17,5,1
11/4/2025 21:17,5,1
11/4/2025 21:17,5,1
11/4/2025 21:17,5,1
11/4/2025 21:17,5,1
11/4/2025 21:17,5,1
11/4/2025 21:17,5,1
11/4/2025 21:17,5,1
11/4/2025 21:17,5,1
11/4/2025 21:18,5,1
11/4/2025 21:18,5,1
11/4/2025 21:18,5,1
11/4/2025 21:18,5,1
11/4/2025 21:18,5,1
11/4/2025 21:18,5,1
11/4/2025 21:18,5,1
11/4/2025 21:18,5,1
11/4/2025 21:18,5,1
11/4/2025 21:18,5,1
11/4/2025 21:18,5,1
11/4/2025 21:18,5,1
11/4/2025 21:18,5,1
11/4/2025 21:18,5,1
11/4/2025 21:18,5,1
11/4/2025 21:18,5,1
11/4/2025 21:18,5,1
11/4/2025 21:18,5,1
11/4/2025 21:18,5,1
11/4/2025 21:18,5,1
11/4/2025 21:18,5,1
11/4/2025 21:18,5,1
11/4/2025 21:18,5,1
11/4/2025 21:18,5,1
11/4/2025 21:18,5,1
11/4/2025 21:18,6,1
11/4/2025 21:18,6,1
11/4/2025 21:18,6,1
11/4/2025 21:18,6,1
11/4/2025 21:18,6,1
11/4/2025 21:19,6,1
11/4/2025 21:19,6,1
11/4/2025 21:19,6,1
11/4/2025 21:19,6,1
11/4/2025 21:19,6,1
11/4/2025 21:19,6,1
11/4/2025 21:19,6,1
11/4/2025 21:19,6,1
11/4/2025 21:19,6,1
11/4/2025 21:19,6,1
11/4/2025 21:19,4,1
11/4/2025 21:19,4,1
11/4/2025 21:19,4,1
11/4/2025 21:19,4,1
11/4/2025 21:19,4,1
11/4/2025 21:19,4,1
11/4/2025 21:19,4,1
11/4/2025 21:19,4,1
11/4/2025 21:19,4,1
11/4/2025 21:19,4,1
11/4/2025 21:19,4,1
11/4/2025 21:19,4,1
11/4/2025 21:19,4,1
11/4/2025 21:19,4,1
11/4/2025 21:19,4,1
11/4/2025 21:19,3,1
11/4/2025 21:19,3,1
11/4/2025 21:19,3,1
11/4/2025 21:19,3,1
11/4/2025 21:19,3,1
11/4/2025 21:20,3,1
11/4/2025 21:20,3,1
11/4/2025 21:20,3,1
11/4/2025 21:20,3,1
11/4/2025 21:20,3,1
11/4/2025 21:20,3,1
11/4/2025 21:20,3,1
11/4/2025 21:20,3,1
11/4/2025 21:20,3,1
11/4/2025 21:20,3,1
11/4/2025 21:20,4,1
11/4/2025 21:20,4,1
11/4/2025 21:20,4,1
11/4/2025 21:20,4,1
11/4/2025 21:20,4,1
11/4/2025 21:20,4,1
11/4/2025 21:20,4,1
11/4/2025 21:20,4,1
11/4/2025 21:20,4,1
11/4/2025 21:20,4,1
11/4/2025 21:20,4,1
11/4/2025 21:20,4,1
11/4/2025 21:20,4,1
11/4/2025 21:20,4,1
11/4/2025 21:20,4,1
11/4/2025 21:20,5,1
11/4/2025 21:20,5,1
11/4/2025 21:20,5,1
11/4/2025 21:20,5,1
11/4/2025 21:20,5,1
11/4/2025 21:21,5,1
11/4/2025 21:21,5,1
11/4/2025 21:21,5,1
11/4/2025 21:21,5,1
11/4/2025 21:21,5,1
11/4/2025 21:21,5,1
11/4/2025 21:21,5,1
11/4/2025 21:21,5,1
11/4/2025 21:21,5,1
11/4/2025 21:21,5,1
11/4/2025 21:21,6,1
11/4/2025 21:21,6,1
11/4/2025 21:21,6,1
11/4/2025 21:21,6,1
11/4/2025 21:21,6,1
11/4/2025 21:21,6,1
11/4/2025 21:21,6,1
11/4/2025 21:21,6,1
11/4/2025 21:21,6,1
11/4/2025 21:21,6,1
11/4/2025 21:21,6,1
11/4/2025 21:21,6,1
11/4/2025 21:21,6,1
11/4/2025 21:21,6,1
11/4/2025 21:21,6,1
11/4/2025 21:21,9,1
11/4/2025 21:21,9,1
11/4/2025 21:21,9,1
11/4/2025 21:21,9,1
11/4/2025 21:21,9,1
11/4/2025 21:22,9,1
11/4/2025 21:22,9,1
11/4/2025 21:22,9,1
11/4/2025 21:22,9,1
11/4/2025 21:22,9,1
11/4/2025 21:22,9,1
11/4/2025 21:22,9,1
11/4/2025 21:22,9,1
11/4/2025 21:22,9,1
11/4/2025 21:22,9,1
11/4/2025 21:22,8,1
11/4/2025 21:22,8,1
11/4/2025 21:22,8,1
11/4/2025 21:22,8,1
11/4/2025 21:22,8,1
11/4/2025 21:22,8,1
11/4/2025 21:22,8,1
11/4/2025 21:22,8,1
11/4/2025 21:22,8,1
11/4/2025 21:22,8,1
11/4/2025 21:22,8,1
11/4/2025 21:22,8,1
11/4/2025 21:22,8,1
11/4/2025 21:22,8,1
11/4/2025 21:22,8,1
11/4/2025 21:22,7,1
11/4/2025 21:22,7,1
11/4/2025 21:22,7,1
11/4/2025 21:22,7,1
11/4/2025 21:22,7,1
11/4/2025 21:23,7,1
11/4/2025 21:23,7,1
11/4/2025 21:23,7,1
11/4/2025 21:23,7,1
11/4/2025 21:23,7,1
11/4/2025 21:23,7,1
11/4/2025 21:23,7,1
11/4/2025 21:23,7,1
11/4/2025 21:23,7,1
11/4/2025 21:23,7,1
11/4/2025 21:23,7,1
11/4/2025 21:23,7,1
11/4/2025 21:23,7,1
11/4/2025 21:23,7,1
11/4/2025 21:23,7,1
11/4/2025 21:23,7,1
11/4/2025 21:23,7,1
11/4/2025 21:23,7,1
11/4/2025 21:23,7,1
11/4/2025 21:23,7,1
11/4/2025 21:23,7,1
11/4/2025 21:23,7,1
11/4/2025 21:23,7,1
11/4/2025 21:23,7,1
11/4/2025 21:23,7,1
11/4/2025 21:23,7,2
11/4/2025 21:23,7,2
11/4/2025 21:23,7,2
11/4/2025 21:23,7,2
11/4/2025 21:23,7,2
11/4/2025 21:24,7,2
11/4/2025 21:24,7,2
11/4/2025 21:24,7,2
11/4/2025 21:24,7,2
11/4/2025 21:24,7,2
11/4/2025 21:24,7,2
11/4/2025 21:24,7,2
11/4/2025 21:24,7,2
11/4/2025 21:24,7,2
11/4/2025 21:24,7,2
11/4/2025 21:24,8,2
11/4/2025 21:24,8,2
11/4/2025 21:24,8,2
11/4/2025 21:24,8,2
11/4/2025 21:24,8,2
11/4/2025 21:24,8,2
11/4/2025 21:24,8,2
11/4/2025 21:24,8,2
11/4/2025 21:24,8,2
11/4/2025 21:24,8,2
11/4/2025 21:24,8,2
11/4/2025 21:24,8,2
11/4/2025 21:24,8,2
11/4/2025 21:24,8,2
11/4/2025 21:24,8,2
11/4/2025 21:24,8,2
11/4/2025 21:24,8,2
11/4/2025 21:24,8,2
11/4/2025 21:24,8,2
11/4/2025 21:24,8,2
11/4/2025 21:25,8,2
11/4/2025 21:25,8,2
11/4/2025 21:25,8,2
11/4/2025 21:25,8,2
11/4/2025 21:25,8,2
11/4/2025 21:25,8,2
11/4/2025 21:25,8,2
11/4/2025 21:25,8,2
11/4/2025 21:25,8,2
11/4/2025 21:25,8,2
11/4/2025 21:25,7,2
11/4/2025 21:25,7,2
11/4/2025 21:25,7,2
11/4/2025 21:25,7,2
11/4/2025 21:25,7,2
11/4/2025 21:25,7,2
11/4/2025 21:25,7,2
11/4/2025 21:25,7,2
11/4/2025 21:25,7,2
11/4/2025 21:25,7,2
11/4/2025 21:25,7,2
11/4/2025 21:25,7,2
11/4/2025 21:25,7,2
11/4/2025 21:25,7,2
11/4/2025 21:25,7,2
11/4/2025 21:25,7,2
11/4/2025 21:25,7,2
11/4/2025 21:25,7,2
11/4/2025 21:25,7,2
11/4/2025 21:25,7,2
11/4/2025 21:26,7,2
11/4/2025 21:26,7,2
11/4/2025 21:26,7,2
11/4/2025 21:26,7,2
11/4/2025 21:26,7,2
11/4/2025 21:26,7,2
11/4/2025 21:26,7,2
11/4/2025 21:26,7,2
11/4/2025 21:26,7,2
11/4/2025 21:26,7,2
11/4/2025 21:26,7,2
11/4/2025 21:26,7,2
11/4/2025 21:26,7,2
11/4/2025 21:26,7,2
11/4/2025 21:26,7,2
11/4/2025 21:26,7,2
11/4/2025 21:26,7,2
11/4/2025 21:26,7,2
11/4/2025 21:26,7,2
11/4/2025 21:26,7,2
11/4/2025 21:26,7,2
11/4/2025 21:26,7,2
11/4/2025 21:26,7,2
11/4/2025 21:26,7,2
11/4/2025 21:26,7,2
11/4/2025 21:26,9,2
11/4/2025 21:26,9,2
11/4/2025 21:26,9,2
11/4/2025 21:26,9,2
11/4/2025 21:26,9,2
11/4/2025 21:27,9,2
11/4/2025 21:27,9,2
11/4/2025 21:27,9,2
11/4/2025 21:27,9,2
11/4/2025 21:27,9,2
11/4/2025 21:27,9,2
11/4/2025 21:27,9,2
11/4/2025 21:27,9,2
11/4/2025 21:27,9,2
11/4/2025 21:27,9,2
11/4/2025 21:27,8,2
11/4/2025 21:27,8,2
11/4/2025 21:27,8,2
11/4/2025 21:27,8,2
11/4/2025 21:27,8,2
11/4/2025 21:27,8,2
11/4/2025 21:27,8,2
11/4/2025 21:27,8,2
11/4/2025 21:27,8,2
11/4/2025 21:27,8,2
11/4/2025 21:27,8,2
11/4/2025 21:27,8,2
11/4/2025 21:27,8,2
11/4/2025 21:27,8,2
11/4/2025 21:27,8,2
11/4/2025 21:27,8,2
11/4/2025 21:27,8,2
11/4/2025 21:27,8,2
11/4/2025 21:27,8,2
11/4/2025 21:27,8,2
11/4/2025 21:28,8,2
11/4/2025 21:28,8,2
11/4/2025 21:28,8,2
11/4/2025 21:28,8,2
11/4/2025 21:28,8,2
11/4/2025 21:28,8,2
11/4/2025 21:28,8,2
11/4/2025 21:28,8,2
11/4/2025 21:28,8,2
11/4/2025 21:28,8,2
11/4/2025 21:28,8,2
11/4/2025 21:28,8,2
11/4/2025 21:28,8,2
11/4/2025 21:28,8,2
11/4/2025 21:28,8,2
11/4/2025 21:28,8,2
11/4/2025 21:28,8,2
11/4/2025 21:28,8,2
11/4/2025 21:28,8,2
11/4/2025 21:28,8,2
11/4/2025 21:28,8,2
11/4/2025 21:28,8,2
11/4/2025 21:28,8,2
11/4/2025 21:28,8,2
11/4/2025 21:28,8,2
11/4/2025 21:28,6,2
11/4/2025 21:28,6,2
11/4/2025 21:28,6,2
11/4/2025 21:28,6,2
11/4/2025 21:28,6,2
11/4/2025 21:29,6,2
11/4/2025 21:29,6,2
11/4/2025 21:29,6,2
11/4/2025 21:29,6,2
11/4/2025 21:29,6,2
11/4/2025 21:29,6,2
11/4/2025 21:29,6,2
11/4/2025 21:29,6,2
11/4/2025 21:29,6,2
11/4/2025 21:29,6,2
11/4/2025 21:29,5,2
11/4/2025 21:29,5,2
11/4/2025 21:29,5,2
11/4/2025 21:29,5,2
11/4/2025 21:29,5,2
11/4/2025 21:29,5,2
11/4/2025 21:29,5,2
11/4/2025 21:29,5,2
11/4/2025 21:29,5,2
11/4/2025 21:29,5,2
11/4/2025 21:29,5,2
11/4/2025 21:29,5,2
11/4/2025 21:29,5,2
11/4/2025 21:29,5,2
11/4/2025 21:29,5,2
11/4/2025 21:29,6,2
11/4/2025 21:29,6,2
11/4/2025 21:29,6,2
11/4/2025 21:29,6,2
11/4/2025 21:29,6,2
11/4/2025 21:30,6,2
11/4/2025 21:30,6,2
11/4/2025 21:30,6,2
11/4/2025 21:30,6,2
11/4/2025 21:30,6,2
11/4/2025 21:30,6,2
11/4/2025 21:30,6,2
11/4/2025 21:30,6,2
11/4/2025 21:30,6,2
11/4/2025 21:30,6,2
11/4/2025 21:30,6,2
11/4/2025 21:30,6,2
11/4/2025 21:30,6,2
11/4/2025 21:30,6,2
11/4/2025 21:30,6,2
11/4/2025 21:30,6,2
11/4/2025 21:30,6,2
11/4/2025 21:30,6,2
11/4/2025 21:30,6,2
11/4/2025 21:30,6,2
11/4/2025 21:30,6,2
11/4/2025 21:30,6,2
11/4/2025 21:30,6,2
11/4/2025 21:30,6,2
11/4/2025 21:30,6,2
11/4/2025 21:30,7,2
11/4/2025 21:30,7,2
11/4/2025 21:30,7,2
11/4/2025 21:30,7,2
11/4/2025 21:30,7,2
11/4/2025 21:31,7,2
11/4/2025 21:31,7,2
11/4/2025 21:31,7,2
11/4/2025 21:31,7,2
11/4/2025 21:31,7,2
11/4/2025 21:31,7,2
11/4/2025 21:31,7,2
11/4/2025 21:31,7,2
11/4/2025 21:31,7,2
11/4/2025 21:31,7,2
11/4/2025 21:31,8,2
11/4/2025 21:31,8,2
11/4/2025 21:31,8,2
11/4/2025 21:31,8,2
11/4/2025 21:31,8,2
11/4/2025 21:31,8,2
11/4/2025 21:31,8,2
11/4/2025 21:31,8,2
11/4/2025 21:31,8,2
11/4/2025 21:31,8,2
11/4/2025 21:31,8,2
11/4/2025 21:31,8,2
11/4/2025 21:31,8,2
11/4/2025 21:31,8,2
11/4/2025 21:31,8,2
11/4/2025 21:31,8,1
11/4/2025 21:31,8,1
11/4/2025 21:31,8,1
11/4/2025 21:31,8,1
11/4/2025 21:31,8,1
11/4/2025 21:32,8,1
11/4/2025 21:32,8,1
11/4/2025 21:32,8,1
11/4/2025 21:32,8,1
11/4/2025 21:32,8,1
11/4/2025 21:32,8,1
11/4/2025 21:32,8,1
11/4/2025 21:32,8,1
11/4/2025 21:32,8,1
11/4/2025 21:32,8,1
11/4/2025 21:32,8,1
11/4/2025 21:32,8,1
11/4/2025 21:32,8,1
11/4/2025 21:32,8,1
11/4/2025 21:32,8,1
11/4/2025 21:32,8,1
11/4/2025 21:32,8,1
11/4/2025 21:32,8,1
11/4/2025 21:32,8,1
11/4/2025 21:32,8,1
11/4/2025 21:32,8,1
11/4/2025 21:32,8,1
11/4/2025 21:32,8,1
11/4/2025 21:32,8,1
11/4/2025 21:32,8,1
11/4/2025 21:32,8,2
11/4/2025 21:32,8,2
11/4/2025 21:32,8,2
11/4/2025 21:32,8,2
11/4/2025 21:32,8,2
11/4/2025 21:33,8,2
11/4/2025 21:33,8,2
11/4/2025 21:33,8,2
11/4/2025 21:33,8,2
11/4/2025 21:33,8,2
11/4/2025 21:33,8,2
11/4/2025 21:33,8,2
11/4/2025 21:33,8,2
11/4/2025 21:33,8,2
11/4/2025 21:33,8,2
11/4/2025 21:33,7,2
11/4/2025 21:33,7,2
11/4/2025 21:33,7,2
11/4/2025 21:33,7,2
11/4/2025 21:33,7,2
11/4/2025 21:33,7,2
11/4/2025 21:33,7,2
11/4/2025 21:33,7,2
11/4/2025 21:33,7,2
11/4/2025 21:33,7,2
11/4/2025 21:33,7,2
11/4/2025 21:33,7,2
11/4/2025 21:33,7,2
11/4/2025 21:33,7,2
11/4/2025 21:33,7,2
11/4/2025 21:33,6,2
11/4/2025 21:33,6,2
11/4/2025 21:33,6,2
11/4/2025 21:33,6,2
11/4/2025 21:33,6,2
11/4/2025 21:34,6,2
11/4/2025 21:34,6,2
11/4/2025 21:34,6,2
11/4/2025 21:34,6,2
11/4/2025 21:34,6,2
11/4/2025 21:34,6,2
11/4/2025 21:34,6,2
11/4/2025 21:34,6,2
11/4/2025 21:34,6,2
11/4/2025 21:34,6,2
11/4/2025 21:34,8,2
11/4/2025 21:34,8,2
11/4/2025 21:34,8,2
11/4/2025 21:34,8,2
11/4/2025 21:34,8,2
11/4/2025 21:34,8,2
11/4/2025 21:34,8,2
11/4/2025 21:34,8,2
11/4/2025 21:34,8,2
11/4/2025 21:34,8,2
11/4/2025 21:34,8,2
11/4/2025 21:34,8,2
11/4/2025 21:34,8,2
11/4/2025 21:34,8,2
11/4/2025 21:34,8,2
11/4/2025 21:34,7,2
11/4/2025 21:34,7,2
11/4/2025 21:34,7,2
11/4/2025 21:34,7,2
11/4/2025 21:34,7,2
11/4/2025 21:35,7,2
11/4/2025 21:35,7,2
11/4/2025 21:35,7,2
11/4/2025 21:35,7,2
11/4/2025 21:35,7,2
11/4/2025 21:35,7,2
11/4/2025 21:35,7,2
11/4/2025 21:35,7,2
11/4/2025 21:35,7,2
11/4/2025 21:35,7,2
11/4/2025 21:35,7,2
11/4/2025 21:35,7,2
11/4/2025 21:35,7,2
11/4/2025 21:35,7,2
11/4/2025 21:35,7,2
11/4/2025 21:35,7,2
11/4/2025 21:35,7,2
11/4/2025 21:35,7,2
11/4/2025 21:35,7,2
11/4/2025 21:35,7,2
11/4/2025 21:35,7,2
11/4/2025 21:35,7,2
11/4/2025 21:35,7,2
11/4/2025 21:35,7,2
11/4/2025 21:35,7,2
11/4/2025 21:35,7,2
11/4/2025 21:35,7,2
11/4/2025 21:35,7,2
11/4/2025 21:35,7,2
11/4/2025 21:35,7,2
11/4/2025 21:36,7,2
11/4/2025 21:36,7,2
11/4/2025 21:36,7,2
11/4/2025 21:36,7,2
11/4/2025 21:36,7,2
11/4/2025 21:36,7,2
11/4/2025 21:36,7,2
11/4/2025 21:36,7,2
11/4/2025 21:36,7,2
11/4/2025 21:36,7,2
11/4/2025 21:36,7,2
11/4/2025 21:36,7,2
11/4/2025 21:36,7,2
11/4/2025 21:36,7,2
11/4/2025 21:36,7,2
11/4/2025 21:36,7,2
11/4/2025 21:36,7,2
11/4/2025 21:36,7,2
11/4/2025 21:36,7,2
11/4/2025 21:36,7,2
11/4/2025 21:36,7,2
11/4/2025 21:36,7,2
11/4/2025 21:36,7,2
11/4/2025 21:36,7,2
11/4/2025 21:36,7,2
11/4/2025 21:36,7,2
11/4/2025 21:36,7,2
11/4/2025 21:36,7,2
11/4/2025 21:36,7,2
11/4/2025 21:36,7,2
11/4/2025 21:37,7,2
11/4/2025 21:37,7,2
11/4/2025 21:37,7,2
11/4/2025 21:37,7,2
11/4/2025 21:37,7,2
11/4/2025 21:37,7,2
11/4/2025 21:37,7,2
11/4/2025 21:37,7,2
11/4/2025 21:37,7,2
11/4/2025 21:37,7,2
11/4/2025 21:37,7,2
11/4/2025 21:37,7,2
11/4/2025 21:37,7,2
11/4/2025 21:37,7,2
11/4/2025 21:37,7,2
11/4/2025 21:37,7,2
11/4/2025 21:37,7,2
11/4/2025 21:37,7,2
11/4/2025 21:37,7,2
11/4/2025 21:37,7,2
11/4/2025 21:37,7,2
11/4/2025 21:37,7,2
11/4/2025 21:37,7,2
11/4/2025 21:37,7,2
11/4/2025 21:37,7,2
11/4/2025 21:37,7,2
11/4/2025 21:37,7,2
11/4/2025 21:37,7,2
11/4/2025 21:37,7,2
11/4/2025 21:37,7,2
11/4/2025 21:38,7,2
11/4/2025 21:38,7,2
11/4/2025 21:38,7,2
11/4/2025 21:38,7,2
11/4/2025 21:38,7,2
11/4/2025 21:38,7,2
11/4/2025 21:38,7,2
11/4/2025 21:38,7,2
11/4/2025 21:38,7,2
11/4/2025 21:38,7,2
11/4/2025 21:38,7,1
11/4/2025 21:38,7,1
11/4/2025 21:38,7,1
11/4/2025 21:38,7,1
11/4/2025 21:38,7,1
11/4/2025 21:38,7,1
11/4/2025 21:38,7,1
11/4/2025 21:38,7,1
11/4/2025 21:38,7,1
11/4/2025 21:38,7,1
11/4/2025 21:38,7,1
11/4/2025 21:38,7,1
11/4/2025 21:38,7,1
11/4/2025 21:38,7,1
11/4/2025 21:38,7,1
11/4/2025 21:38,7,1
11/4/2025 21:38,7,1
11/4/2025 21:38,7,1
11/4/2025 21:38,7,1
11/4/2025 21:38,7,1
11/4/2025 21:39,7,1
11/4/2025 21:39,7,1
11/4/2025 21:39,7,1
11/4/2025 21:39,7,1
11/4/2025 21:39,7,1
11/4/2025 21:39,7,1
11/4/2025 21:39,7,1
11/4/2025 21:39,7,1
11/4/2025 21:39,7,1
11/4/2025 21:39,7,1
11/4/2025 21:39,6,1
11/4/2025 21:39,6,1
11/4/2025 21:39,6,1
11/4/2025 21:39,6,1
11/4/2025 21:39,6,1
11/4/2025 21:39,6,1
11/4/2025 21:39,6,1
11/4/2025 21:39,6,1
11/4/2025 21:39,6,1
11/4/2025 21:39,6,1
11/4/2025 21:39,6,1
11/4/2025 21:39,6,1
11/4/2025 21:39,6,1
11/4/2025 21:39,6,1
11/4/2025 21:39,6,1
11/4/2025 21:39,6,1
11/4/2025 21:39,6,1
11/4/2025 21:39,6,1
11/4/2025 21:39,6,1
11/4/2025 21:39,6,1
11/4/2025 21:40,6,1
11/4/2025 21:40,6,1
11/4/2025 21:40,6,1
11/4/2025 21:40,6,1
11/4/2025 21:40,6,1
11/4/2025 21:40,6,1
11/4/2025 21:40,6,1
11/4/2025 21:40,6,1
11/4/2025 21:40,6,1
11/4/2025 21:40,6,1
11/4/2025 21:40,7,1
11/4/2025 21:40,7,1
11/4/2025 21:40,7,1
11/4/2025 21:40,7,1
11/4/2025 21:40,7,1
11/4/2025 21:40,7,1
11/4/2025 21:40,7,1
11/4/2025 21:40,7,1
11/4/2025 21:40,7,1
11/4/2025 21:40,7,1
11/4/2025 21:40,7,1
11/4/2025 21:40,7,1
11/4/2025 21:40,7,1
11/4/2025 21:40,7,1
11/4/2025 21:40,7,1
11/4/2025 21:40,6,1
11/4/2025 21:40,6,1
11/4/2025 21:40,6,1
11/4/2025 21:40,6,1
11/4/2025 21:40,6,1
11/4/2025 21:41,6,1
11/4/2025 21:41,6,1
11/4/2025 21:41,6,1
11/4/2025 21:41,6,1
11/4/2025 21:41,6,1
11/4/2025 21:41,6,1
11/4/2025 21:41,6,1
11/4/2025 21:41,6,1
11/4/2025 21:41,6,1
11/4/2025 21:41,6,1
11/4/2025 21:41,6,2
11/4/2025 21:41,6,2
11/4/2025 21:41,6,2
11/4/2025 21:41,6,2
11/4/2025 21:41,6,2
11/4/2025 21:41,6,2
11/4/2025 21:41,6,2
11/4/2025 21:41,6,2
11/4/2025 21:41,6,2
11/4/2025 21:41,6,2
11/4/2025 21:41,6,2
11/4/2025 21:41,6,2
11/4/2025 21:41,6,2
11/4/2025 21:41,6,2
11/4/2025 21:41,6,2
11/4/2025 21:41,5,2
11/4/2025 21:41,5,2
11/4/2025 21:41,5,2
11/4/2025 21:41,5,2
11/4/2025 21:41,5,2
11/4/2025 21:42,5,2
11/4/2025 21:42,5,2
11/4/2025 21:42,5,2
11/4/2025 21:42,5,2
11/4/2025 21:42,5,2
11/4/2025 21:42,5,2
11/4/2025 21:42,5,2
11/4/2025 21:42,5,2
11/4/2025 21:42,5,2
11/4/2025 21:42,5,2
11/4/2025 21:42,4,2
11/4/2025 21:42,4,2
11/4/2025 21:42,4,2
11/4/2025 21:42,4,2
11/4/2025 21:42,4,2
11/4/2025 21:42,4,2
11/4/2025 21:42,4,2
11/4/2025 21:42,4,2
11/4/2025 21:42,4,2
11/4/2025 21:42,4,2
11/4/2025 21:42,4,2
11/4/2025 21:42,4,2
11/4/2025 21:42,4,2
11/4/2025 21:42,4,2
11/4/2025 21:42,4,2
11/4/2025 21:42,4,2
11/4/2025 21:42,4,2
11/4/2025 21:42,4,2
11/4/2025 21:42,4,2
11/4/2025 21:42,4,2
11/4/2025 21:43,4,2
11/4/2025 21:43,4,2
11/4/2025 21:43,4,2
11/4/2025 21:43,4,2
11/4/2025 21:43,4,2
11/4/2025 21:43,4,2
11/4/2025 21:43,4,2
11/4/2025 21:43,4,2
11/4/2025 21:43,4,2
11/4/2025 21:43,4,2
11/4/2025 21:43,5,2
11/4/2025 21:43,5,2
11/4/2025 21:43,5,2
11/4/2025 21:43,5,2
11/4/2025 21:43,5,2
11/4/2025 21:43,5,2
11/4/2025 21:43,5,2
11/4/2025 21:43,5,2
11/4/2025 21:43,5,2
11/4/2025 21:43,5,2
11/4/2025 21:43,5,2
11/4/2025 21:43,5,2
11/4/2025 21:43,5,2
11/4/2025 21:43,5,2
11/4/2025 21:43,5,2
11/4/2025 21:43,5,2
11/4/2025 21:43,5,2
11/4/2025 21:43,5,2
11/4/2025 21:43,5,2
11/4/2025 21:43,5,2
11/4/2025 21:44,5,2
11/4/2025 21:44,5,2
11/4/2025 21:44,5,2
11/4/2025 21:44,5,2
11/4/2025 21:44,5,2
11/4/2025 21:44,5,2
11/4/2025 21:44,5,2
11/4/2025 21:44,5,2
11/4/2025 21:44,5,2
11/4/2025 21:44,5,2
11/4/2025 21:44,5,2
11/4/2025 21:44,5,2
11/4/2025 21:44,5,2
11/4/2025 21:44,5,2
11/4/2025 21:44,5,2
11/4/2025 21:44,5,2
11/4/2025 21:44,5,2
11/4/2025 21:44,5,2
11/4/2025 21:44,5,2
11/4/2025 21:44,5,2
11/4/2025 21:44,5,2
11/4/2025 21:44,5,2
11/4/2025 21:44,5,2
11/4/2025 21:44,5,2
11/4/2025 21:44,5,2
11/4/2025 21:44,4,2
11/4/2025 21:44,4,2
11/4/2025 21:44,4,2
11/4/2025 21:44,4,2
11/4/2025 21:44,4,2
11/4/2025 21:45,4,2
11/4/2025 21:45,4,2
11/4/2025 21:45,4,2
11/4/2025 21:45,4,2
11/4/2025 21:45,4,2
11/4/2025 21:45,4,2
11/4/2025 21:45,4,2
11/4/2025 21:45,4,2
11/4/2025 21:45,4,2
11/4/2025 21:45,4,2
11/4/2025 21:45,3,2
11/4/2025 21:45,3,2
11/4/2025 21:45,3,2
11/4/2025 21:45,3,2
11/4/2025 21:45,3,2
11/4/2025 21:45,3,2
11/4/2025 21:45,3,2
11/4/2025 21:45,3,2
11/4/2025 21:45,3,2
11/4/2025 21:45,3,2
11/4/2025 21:45,3,2
11/4/2025 21:45,3,2
11/4/2025 21:45,3,2
11/4/2025 21:45,3,2
11/4/2025 21:45,3,2
11/4/2025 21:45,3,2
11/4/2025 21:45,3,2
11/4/2025 21:45,3,2
11/4/2025 21:45,3,2
11/4/2025 21:45,3,2
11/4/2025 21:46,3,2
11/4/2025 21:46,3,2
11/4/2025 21:46,3,2
11/4/2025 21:46,3,2
11/4/2025 21:46,3,2
11/4/2025 21:46,3,2
11/4/2025 21:46,3,2
11/4/2025 21:46,3,2
11/4/2025 21:46,3,2
11/4/2025 21:46,3,2
11/4/2025 21:46,3,1
11/4/2025 21:46,3,1
11/4/2025 21:46,3,1
11/4/2025 21:46,3,1
11/4/2025 21:46,3,1
11/4/2025 21:46,3,1
11/4/2025 21:46,3,1
11/4/2025 21:46,3,1
11/4/2025 21:46,3,1
11/4/2025 21:46,3,1
11/4/2025 21:46,3,1
11/4/2025 21:46,3,1
11/4/2025 21:46,3,1
11/4/2025 21:46,3,1
11/4/2025 21:46,3,1
11/4/2025 21:46,3,1
11/4/2025 21:46,3,1
11/4/2025 21:46,3,1
11/4/2025 21:46,3,1
11/4/2025 21:46,3,1
11/4/2025 21:47,3,1
11/4/2025 21:47,3,1
11/4/2025 21:47,3,1
11/4/2025 21:47,3,1
11/4/2025 21:47,3,1
11/4/2025 21:47,3,1
11/4/2025 21:47,3,1
11/4/2025 21:47,3,1
11/4/2025 21:47,3,1
11/4/2025 21:47,3,1
11/4/2025 21:47,3,1
11/4/2025 21:47,3,1
11/4/2025 21:47,3,1
11/4/2025 21:47,3,1
11/4/2025 21:47,3,1
11/4/2025 21:47,3,1
11/4/2025 21:47,3,1
11/4/2025 21:47,3,1
11/4/2025 21:47,3,1
11/4/2025 21:47,3,1
11/4/2025 21:47,3,1
11/4/2025 21:47,3,1
11/4/2025 21:47,3,1
11/4/2025 21:47,3,1
11/4/2025 21:47,3,1
11/4/2025 21:47,2,1
11/4/2025 21:47,2,1
11/4/2025 21:47,2,1
11/4/2025 21:47,2,1
11/4/2025 21:47,2,1
11/4/2025 21:48,2,1
11/4/2025 21:48,2,1
11/4/2025 21:48,2,1
11/4/2025 21:48,2,1
11/4/2025 21:48,2,1
11/4/2025 21:48,2,1
11/4/2025 21:48,2,1
11/4/2025 21:48,2,1
11/4/2025 21:48,2,1
11/4/2025 21:48,2,1
11/4/2025 21:48,3,1
11/4/2025 21:48,3,1
11/4/2025 21:48,3,1
11/4/2025 21:48,3,1
11/4/2025 21:48,3,1
11/4/2025 21:48,3,1
11/4/2025 21:48,3,1
11/4/2025 21:48,3,1
11/4/2025 21:48,3,1
11/4/2025 21:48,3,1
11/4/2025 21:48,3,1
11/4/2025 21:48,3,1
11/4/2025 21:48,3,1
11/4/2025 21:48,3,1
11/4/2025 21:48,3,1
11/4/2025 21:48,2,1
11/4/2025 21:48,2,1
11/4/2025 21:48,2,1
11/4/2025 21:48,2,1
11/4/2025 21:48,2,1
11/4/2025 21:49,2,1
11/4/2025 21:49,2,1
11/4/2025 21:49,2,1
11/4/2025 21:49,2,1
11/4/2025 21:49,2,1
11/4/2025 21:49,2,1
11/4/2025 21:49,2,1
11/4/2025 21:49,2,1
11/4/2025 21:49,2,1
11/4/2025 21:49,2,1
11/4/2025 21:49,2,1
11/4/2025 21:49,2,1
11/4/2025 21:49,2,1
11/4/2025 21:49,2,1
11/4/2025 21:49,2,1
11/4/2025 21:49,2,1
11/4/2025 21:49,2,1
11/4/2025 21:49,2,1
11/4/2025 21:49,2,1
11/4/2025 21:49,2,1
11/4/2025 21:49,2,1
11/4/2025 21:49,2,1
11/4/2025 21:49,2,1
11/4/2025 21:49,2,1
11/4/2025 21:49,2,1
11/4/2025 21:49,2,1
11/4/2025 21:49,2,1
11/4/2025 21:49,2,1
11/4/2025 21:49,2,1
11/4/2025 21:49,2,1
11/4/2025 21:50,2,1
11/4/2025 21:50,2,1
11/4/2025 21:50,2,1
11/4/2025 21:50,2,1
11/4/2025 21:50,2,1
11/4/2025 21:50,2,1
11/4/2025 21:50,2,1
11/4/2025 21:50,2,1
11/4/2025 21:50,2,1
11/4/2025 21:50,2,1
11/4/2025 21:50,1,1
11/4/2025 21:50,1,1
11/4/2025 21:50,1,1
11/4/2025 21:50,1,1
11/4/2025 21:50,1,1
11/4/2025 21:50,1,1
11/4/2025 21:50,1,1
11/4/2025 21:50,1,1
11/4/2025 21:50,1,1
11/4/2025 21:50,1,1
11/4/2025 21:50,1,1
11/4/2025 21:50,1,1
11/4/2025 21:50,1,1
11/4/2025 21:50,1,1
11/4/2025 21:50,1,1
11/4/2025 21:50,1,1
11/4/2025 21:50,1,1
11/4/2025 21:50,1,1
11/4/2025 21:50,1,1
11/4/2025 21:50,1,1
11/4/2025 21:51,1,1
11/4/2025 21:51,1,1
11/4/2025 21:51,1,1
11/4/2025 21:51,1,1
11/4/2025 21:51,1,1
11/4/2025 21:51,1,1
11/4/2025 21:51,1,1
11/4/2025 21:51,1,1
11/4/2025 21:51,1,1
11/4/2025 21:51,1,1
11/4/2025 21:51,0,1
11/4/2025 21:51,0,1
11/4/2025 21:51,0,1
11/4/2025 21:51,0,1
11/4/2025 21:51,0,1
11/4/2025 21:51,0,1
11/4/2025 21:51,0,1
11/4/2025 21:51,0,1
11/4/2025 21:51,0,1
11/4/2025 21:51,0,1
11/4/2025 21:51,0,1
11/4/2025 21:51,0,1
11/4/2025 21:51,0,1
11/4/2025 21:51,0,1
11/4/2025 21:51,0,1
11/4/2025 21:51,0,1
11/4/2025 21:51,0,1
11/4/2025 21:51,0,1
11/4/2025 21:51,0,1
11/4/2025 21:51,0,1
11/4/2025 21:52,0,1
11/4/2025 21:52,0,1
11/4/2025 21:52,0,1
11/4/2025 21:52,0,1
11/4/2025 21:52,0,1
11/4/2025 21:52,0,1
11/4/2025 21:52,0,1
11/4/2025 21:52,0,1
11/4/2025 21:52,0,1
11/4/2025 21:52,0,1
11/4/2025 21:52,0,1
11/4/2025 21:52,0,1
11/4/2025 21:52,0,1
11/4/2025 21:52,0,1
11/4/2025 21:52,0,1
11/4/2025 21:52,0,1
11/4/2025 21:52,0,1
11/4/2025 21:52,0,1
11/4/2025 21:52,0,1
11/4/2025 21:52,0,1
11/4/2025 21:52,0,1
11/4/2025 21:52,0,1
11/4/2025 21:52,0,1
11/4/2025 21:52,0,1
11/4/2025 21:52,0,1
11/4/2025 21:52,0,1
11/4/2025 21:52,0,1
11/4/2025 21:52,0,1
11/4/2025 21:52,0,1
11/4/2025 21:52,0,1
11/4/2025 21:53,0,1
11/4/2025 21:53,0,1
11/4/2025 21:53,0,1
11/4/2025 21:53,0,1
11/4/2025 21:53,0,1
11/4/2025 21:53,0,1
11/4/2025 21:53,0,1
11/4/2025 21:53,0,1
11/4/2025 21:53,0,1
11/4/2025 21:53,0,1
11/4/2025 21:53,0,1
11/4/2025 21:53,0,1
11/4/2025 21:53,0,1
11/4/2025 21:53,0,1
11/4/2025 21:53,0,1
