sep=,
"Time","p0.9"
2025-11-04 17:44:55,13.6 ms
2025-11-04 17:45:00,12.6 ms
2025-11-04 17:45:05,13.6 ms
2025-11-04 17:45:10,18.4 ms
2025-11-04 17:45:15,20.7 ms
2025-11-04 17:45:20,13.9 ms
2025-11-04 17:45:25,13.6 ms
2025-11-04 17:45:30,21.5 ms
2025-11-04 17:45:35,32.0 ms
2025-11-04 17:45:40,14.9 ms
2025-11-04 17:45:45,18.4 ms
2025-11-04 17:45:50,13.9 ms
2025-11-04 17:45:55,43.8 ms
2025-11-04 17:46:00,14.7 ms
2025-11-04 17:46:05,24.6 ms
2025-11-04 17:46:10,11.5 ms
2025-11-04 17:46:15,11.8 ms
2025-11-04 17:46:20,14.7 ms
2025-11-04 17:46:25,12.8 ms
2025-11-04 17:46:30,14.9 ms
2025-11-04 17:46:35,12.8 ms
2025-11-04 17:46:40,10.7 ms
2025-11-04 17:46:45,11.8 ms
2025-11-04 17:46:50,12.6 ms
2025-11-04 17:46:55,11.8 ms
2025-11-04 17:47:00,12.6 ms
2025-11-04 17:47:05,13.6 ms
2025-11-04 17:47:10,13.6 ms
2025-11-04 17:47:15,12.8 ms
2025-11-04 17:47:20,13.6 ms
2025-11-04 17:47:25,11.8 ms
2025-11-04 17:47:30,13.6 ms
2025-11-04 17:47:35,13.6 ms
2025-11-04 17:47:40,13.6 ms
2025-11-04 17:47:45,12.8 ms
2025-11-04 17:47:50,12.8 ms
2025-11-04 17:47:55,12.6 ms
2025-11-04 17:48:00,12.6 ms
2025-11-04 17:48:05,21.5 ms
2025-11-04 17:48:10,12.8 ms
2025-11-04 17:48:15,35.4 ms
2025-11-04 17:48:20,13.9 ms
2025-11-04 17:48:25,11.8 ms
2025-11-04 17:48:30,18.4 ms
2025-11-04 17:48:35,41.7 ms
2025-11-04 17:48:40,11.8 ms
2025-11-04 17:48:45,43.8 ms
2025-11-04 17:48:50,11.8 ms
2025-11-04 17:48:55,35.4 ms
2025-11-04 17:49:00,11.8 ms
2025-11-04 17:49:05,19.7 ms
2025-11-04 17:49:10,14.9 ms
2025-11-04 17:49:15,13.9 ms
2025-11-04 17:49:20,13.9 ms
2025-11-04 17:49:25,15.7 ms
2025-11-04 17:49:30,22.5 ms
2025-11-04 17:49:35,13.9 ms
2025-11-04 17:49:40,23.9 ms
2025-11-04 17:49:45,17.6 ms
2025-11-04 17:49:50,32.0 ms
2025-11-04 17:49:55,13.6 ms
2025-11-04 17:50:00,18.6 ms
2025-11-04 17:50:05,13.6 ms
2025-11-04 17:50:10,29.1 ms
2025-11-04 17:50:15,13.6 ms
2025-11-04 17:50:20,13.6 ms
2025-11-04 17:50:25,18.4 ms
2025-11-04 17:50:30,12.8 ms
2025-11-04 17:50:35,11.5 ms
2025-11-04 17:50:40,13.6 ms
2025-11-04 17:50:45,37.2 ms
2025-11-04 17:50:50,13.6 ms
2025-11-04 17:50:55,41.7 ms
2025-11-04 17:51:00,21.5 ms
2025-11-04 17:51:05,21.8 ms
2025-11-04 17:51:10,21.5 ms
2025-11-04 17:51:15,26.7 ms
2025-11-04 17:51:20,11.5 ms
2025-11-04 17:51:25,18.4 ms
2025-11-04 17:51:30,13.6 ms
2025-11-04 17:51:35,11.5 ms
2025-11-04 17:51:40,13.6 ms
2025-11-04 17:51:45,14.7 ms
2025-11-04 17:51:50,18.4 ms
2025-11-04 17:51:55,11.8 ms
2025-11-04 17:52:00,13.6 ms
2025-11-04 17:52:05,19.7 ms
2025-11-04 17:52:10,12.6 ms
2025-11-04 17:52:15,25.7 ms
2025-11-04 17:52:20,12.8 ms
2025-11-04 17:52:25,20.7 ms
2025-11-04 17:52:30,12.6 ms
2025-11-04 17:52:35,13.9 ms
2025-11-04 17:52:40,13.6 ms
2025-11-04 17:52:45,12.6 ms
2025-11-04 17:52:50,13.6 ms
2025-11-04 17:52:55,11.5 ms
2025-11-04 17:53:00,13.6 ms
2025-11-04 17:53:05,13.9 ms
2025-11-04 17:53:10,25.7 ms
2025-11-04 17:53:15,11.5 ms
2025-11-04 17:53:20,10.5 ms
2025-11-04 17:53:25,18.6 ms
2025-11-04 17:53:30,26.0 ms
2025-11-04 17:53:35,12.8 ms
2025-11-04 17:53:40,14.7 ms
2025-11-04 17:53:45,17.6 ms
2025-11-04 17:53:50,18.4 ms
2025-11-04 17:53:55,10.5 ms
2025-11-04 17:54:00,12.8 ms
2025-11-04 17:54:05,10.5 ms
2025-11-04 17:54:10,15.7 ms
2025-11-04 17:54:15,30.9 ms
2025-11-04 17:54:20,13.9 ms
2025-11-04 17:54:25,12.6 ms
2025-11-04 17:54:30,21.8 ms
2025-11-04 17:54:35,43.5 ms
2025-11-04 17:54:40,12.6 ms
2025-11-04 17:54:45,12.6 ms
2025-11-04 17:54:50,20.4 ms
2025-11-04 17:54:55,41.4 ms
2025-11-04 17:55:00,13.9 ms
2025-11-04 17:55:05,21.5 ms
2025-11-04 17:55:10,21.8 ms
2025-11-04 17:55:15,11.8 ms
2025-11-04 17:55:20,11.8 ms
2025-11-04 17:55:25,13.6 ms
2025-11-04 17:55:30,13.9 ms
2025-11-04 17:55:35,24.9 ms
2025-11-04 17:55:40,11.5 ms
2025-11-04 17:55:45,10.7 ms
2025-11-04 17:55:50,18.4 ms
2025-11-04 17:55:55,12.6 ms
2025-11-04 17:56:00,14.7 ms
2025-11-04 17:56:05,28.8 ms
2025-11-04 17:56:10,11.8 ms
2025-11-04 17:56:15,18.4 ms
2025-11-04 17:56:20,13.6 ms
2025-11-04 17:56:25,15.7 ms
2025-11-04 17:56:30,18.4 ms
2025-11-04 17:56:35,9.96 ms
2025-11-04 17:56:40,12.6 ms
2025-11-04 17:56:45,13.6 ms
2025-11-04 17:56:50,12.8 ms
2025-11-04 17:56:55,12.8 ms
2025-11-04 17:57:00,12.6 ms
2025-11-04 17:57:05,18.6 ms
2025-11-04 17:57:10,11.8 ms
2025-11-04 17:57:15,43.5 ms
2025-11-04 17:57:20,11.8 ms
2025-11-04 17:57:25,12.8 ms
2025-11-04 17:57:30,11.8 ms
2025-11-04 17:57:35,10.7 ms
2025-11-04 17:57:40,15.7 ms
2025-11-04 17:57:45,12.8 ms
2025-11-04 17:57:50,14.7 ms
2025-11-04 17:57:55,10.7 ms
2025-11-04 17:58:00,13.9 ms
2025-11-04 17:58:05,14.9 ms
2025-11-04 17:58:10,39.6 ms
2025-11-04 17:58:15,12.8 ms
2025-11-04 17:58:20,19.4 ms
2025-11-04 17:58:25,12.8 ms
2025-11-04 17:58:30,12.8 ms
2025-11-04 17:58:35,41.4 ms
2025-11-04 17:58:40,13.9 ms
2025-11-04 17:58:45,13.6 ms
2025-11-04 17:58:50,12.8 ms
2025-11-04 17:58:55,19.7 ms
2025-11-04 17:59:00,13.9 ms
2025-11-04 17:59:05,43.5 ms
2025-11-04 17:59:10,13.6 ms
2025-11-04 17:59:15,28.8 ms
2025-11-04 17:59:20,14.7 ms
2025-11-04 17:59:25,14.7 ms
2025-11-04 17:59:30,13.6 ms
2025-11-04 17:59:35,62.4 ms
2025-11-04 17:59:40,18.4 ms
2025-11-04 17:59:45,17.6 ms
2025-11-04 17:59:50,13.6 ms
2025-11-04 17:59:55,12.6 ms
2025-11-04 18:00:00,15.7 ms
2025-11-04 18:00:05,33.0 ms
2025-11-04 18:00:10,22.5 ms
2025-11-04 18:00:15,11.8 ms
2025-11-04 18:00:20,13.9 ms
2025-11-04 18:00:25,11.5 ms
2025-11-04 18:00:30,28.0 ms
2025-11-04 18:00:35,13.9 ms
2025-11-04 18:00:40,13.6 ms
2025-11-04 18:00:45,18.4 ms
2025-11-04 18:00:50,15.7 ms
2025-11-04 18:00:55,14.7 ms
2025-11-04 18:01:00,11.5 ms
2025-11-04 18:01:05,16.0 ms
2025-11-04 18:01:10,12.6 ms
2025-11-04 18:01:15,20.4 ms
2025-11-04 18:01:20,14.7 ms
2025-11-04 18:01:25,18.4 ms
2025-11-04 18:01:30,17.3 ms
2025-11-04 18:01:35,16.0 ms
2025-11-04 18:01:40,13.9 ms
2025-11-04 18:01:45,29.1 ms
2025-11-04 18:01:50,21.8 ms
2025-11-04 18:01:55,21.8 ms
2025-11-04 18:02:00,13.9 ms
2025-11-04 18:02:05,20.7 ms
2025-11-04 18:02:10,17.6 ms
2025-11-04 18:02:15,21.8 ms
2025-11-04 18:02:20,13.9 ms
2025-11-04 18:02:25,13.9 ms
2025-11-04 18:02:30,14.9 ms
2025-11-04 18:02:35,19.7 ms
2025-11-04 18:02:40,13.9 ms
2025-11-04 18:02:45,22.8 ms
2025-11-04 18:02:50,20.7 ms
2025-11-04 18:02:55,20.7 ms
2025-11-04 18:03:00,13.9 ms
2025-11-04 18:03:05,20.7 ms
2025-11-04 18:03:10,19.7 ms
2025-11-04 18:03:15,19.7 ms
2025-11-04 18:03:20,13.9 ms
2025-11-04 18:03:25,23.9 ms
2025-11-04 18:03:30,20.7 ms
2025-11-04 18:03:35,23.9 ms
2025-11-04 18:03:40,13.9 ms
2025-11-04 18:03:45,22.8 ms
2025-11-04 18:03:50,20.7 ms
2025-11-04 18:03:55,23.9 ms
2025-11-04 18:04:00,13.9 ms
2025-11-04 18:04:05,19.7 ms
2025-11-04 18:04:10,22.8 ms
2025-11-04 18:04:15,21.8 ms
2025-11-04 18:04:20,13.9 ms
2025-11-04 18:04:25,24.9 ms
2025-11-04 18:04:30,22.8 ms
2025-11-04 18:04:35,26.0 ms
2025-11-04 18:04:40,14.9 ms
2025-11-04 18:04:45,23.9 ms
2025-11-04 18:04:50,21.8 ms
2025-11-04 18:04:55,26.0 ms
2025-11-04 18:05:00,13.9 ms
2025-11-04 18:05:05,27.0 ms
2025-11-04 18:05:10,21.8 ms
2025-11-04 18:05:15,31.2 ms
2025-11-04 18:05:20,17.6 ms
2025-11-04 18:05:25,33.3 ms
2025-11-04 18:05:30,21.8 ms
2025-11-04 18:05:35,32.2 ms
2025-11-04 18:05:40,18.6 ms
2025-11-04 18:05:45,22.8 ms
2025-11-04 18:05:50,21.8 ms
2025-11-04 18:05:55,37.5 ms
2025-11-04 18:06:00,18.6 ms
2025-11-04 18:06:05,26.0 ms
2025-11-04 18:06:10,20.7 ms
2025-11-04 18:06:15,22.8 ms
2025-11-04 18:06:20,17.6 ms
2025-11-04 18:06:25,26.0 ms
2025-11-04 18:06:30,22.8 ms
2025-11-04 18:06:35,32.2 ms
2025-11-04 18:06:40,17.6 ms
2025-11-04 18:06:45,24.9 ms
2025-11-04 18:06:50,21.8 ms
2025-11-04 18:06:55,37.5 ms
2025-11-04 18:07:00,19.7 ms
2025-11-04 18:07:05,24.9 ms
2025-11-04 18:07:10,22.8 ms
2025-11-04 18:07:15,43.8 ms
2025-11-04 18:07:20,13.9 ms
2025-11-04 18:07:25,193 ms
2025-11-04 18:07:30,100 ms
2025-11-04 18:07:35,58.5 ms
2025-11-04 18:07:40,45.9 ms
2025-11-04 18:07:45,35.4 ms
2025-11-04 18:07:50,45.9 ms
2025-11-04 18:07:55,43.8 ms
2025-11-04 18:08:00,14.9 ms
2025-11-04 18:08:05,20.7 ms
2025-11-04 18:08:10,37.5 ms
2025-11-04 18:08:15,35.4 ms
2025-11-04 18:08:20,13.9 ms
2025-11-04 18:08:25,29.1 ms
2025-11-04 18:08:30,39.6 ms
2025-11-04 18:08:35,33.3 ms
2025-11-04 18:08:40,14.9 ms
2025-11-04 18:08:45,21.8 ms
2025-11-04 18:08:50,41.7 ms
2025-11-04 18:08:55,37.5 ms
2025-11-04 18:09:00,29.1 ms
2025-11-04 18:09:05,20.7 ms
2025-11-04 18:09:10,43.8 ms
2025-11-04 18:09:15,33.3 ms
2025-11-04 18:09:20,16.0 ms
2025-11-04 18:09:25,19.7 ms
2025-11-04 18:09:30,43.8 ms
2025-11-04 18:09:35,39.6 ms
2025-11-04 18:09:40,13.9 ms
2025-11-04 18:09:45,21.8 ms
2025-11-04 18:09:50,37.6 ms
2025-11-04 18:09:55,32.2 ms
2025-11-04 18:10:00,16.0 ms
2025-11-04 18:10:05,19.7 ms
2025-11-04 18:10:10,43.8 ms
2025-11-04 18:10:15,35.4 ms
2025-11-04 18:10:20,18.6 ms
2025-11-04 18:10:25,23.9 ms
2025-11-04 18:10:30,39.6 ms
2025-11-04 18:10:35,37.5 ms
2025-11-04 18:10:40,13.9 ms
2025-11-04 18:10:45,18.6 ms
2025-11-04 18:10:50,39.7 ms
2025-11-04 18:10:55,37.5 ms
2025-11-04 18:11:00,15.1 ms
2025-11-04 18:11:05,19.7 ms
2025-11-04 18:11:10,43.8 ms
2025-11-04 18:11:15,39.6 ms
2025-11-04 18:11:20,17.6 ms
2025-11-04 18:11:25,20.7 ms
2025-11-04 18:11:30,39.7 ms
2025-11-04 18:11:35,24.9 ms
2025-11-04 18:11:40,15.1 ms
2025-11-04 18:11:45,16.0 ms
2025-11-04 18:11:50,37.5 ms
2025-11-04 18:11:55,41.7 ms
2025-11-04 18:12:00,13.9 ms
2025-11-04 18:12:05,18.6 ms
2025-11-04 18:12:10,33.3 ms
2025-11-04 18:12:15,27.0 ms
2025-11-04 18:12:20,13.9 ms
2025-11-04 18:12:25,18.6 ms
2025-11-04 18:12:30,30.3 ms
2025-11-04 18:12:35,35.4 ms
2025-11-04 18:12:40,21.8 ms
2025-11-04 18:12:45,23.9 ms
2025-11-04 18:12:50,41.8 ms
2025-11-04 18:12:55,41.7 ms
2025-11-04 18:13:00,13.9 ms
2025-11-04 18:13:05,23.9 ms
2025-11-04 18:13:10,52.2 ms
2025-11-04 18:13:15,54.3 ms
2025-11-04 18:13:20,13.0 ms
2025-11-04 18:13:25,22.8 ms
2025-11-04 18:13:30,48.0 ms
2025-11-04 18:13:35,39.6 ms
2025-11-04 18:13:40,18.6 ms
2025-11-04 18:13:45,21.8 ms
2025-11-04 18:13:50,35.4 ms
2025-11-04 18:13:55,22.8 ms
2025-11-04 18:14:00,18.6 ms
2025-11-04 18:14:05,26.0 ms
2025-11-04 18:14:10,52.2 ms
2025-11-04 18:14:15,37.5 ms
2025-11-04 18:14:20,17.6 ms
2025-11-04 18:14:25,21.8 ms
2025-11-04 18:14:30,30.1 ms
2025-11-04 18:14:35,24.9 ms
2025-11-04 18:14:40,21.8 ms
2025-11-04 18:14:45,21.8 ms
2025-11-04 18:14:50,39.6 ms
2025-11-04 18:14:55,32.2 ms
2025-11-04 18:15:00,18.6 ms
2025-11-04 18:15:05,19.7 ms
2025-11-04 18:15:10,48.1 ms
2025-11-04 18:15:15,39.6 ms
2025-11-04 18:15:20,16.0 ms
2025-11-04 18:15:25,19.7 ms
2025-11-04 18:15:30,37.5 ms
2025-11-04 18:15:35,17.6 ms
2025-11-04 18:15:40,19.7 ms
2025-11-04 18:15:45,26.0 ms
2025-11-04 18:15:50,35.4 ms
2025-11-04 18:15:55,26.0 ms
2025-11-04 18:16:00,16.0 ms
2025-11-04 18:16:05,23.9 ms
2025-11-04 18:16:10,35.4 ms
2025-11-04 18:16:15,35.4 ms
2025-11-04 18:16:20,17.6 ms
2025-11-04 18:16:25,33.3 ms
2025-11-04 18:16:30,37.5 ms
2025-11-04 18:16:35,23.9 ms
2025-11-04 18:16:40,14.9 ms
2025-11-04 18:16:45,21.8 ms
2025-11-04 18:16:50,41.7 ms
2025-11-04 18:16:55,58.5 ms
2025-11-04 18:17:00,13.9 ms
2025-11-04 18:17:05,16.0 ms
2025-11-04 18:17:10,27.0 ms
2025-11-04 18:17:15,24.9 ms
2025-11-04 18:17:20,18.6 ms
2025-11-04 18:17:25,26.0 ms
2025-11-04 18:17:30,39.7 ms
2025-11-04 18:17:35,31.2 ms
2025-11-04 18:17:40,14.9 ms
2025-11-04 18:17:45,21.8 ms
2025-11-04 18:17:50,39.7 ms
2025-11-04 18:17:55,39.6 ms
2025-11-04 18:18:00,16.0 ms
2025-11-04 18:18:05,27.0 ms
2025-11-04 18:18:10,30.3 ms
2025-11-04 18:18:15,22.8 ms
2025-11-04 18:18:20,14.9 ms
2025-11-04 18:18:25,22.8 ms
2025-11-04 18:18:30,41.7 ms
2025-11-04 18:18:35,28.0 ms
2025-11-04 18:18:40,13.9 ms
2025-11-04 18:18:45,18.6 ms
2025-11-04 18:18:50,41.8 ms
2025-11-04 18:18:55,31.2 ms
2025-11-04 18:19:00,12.8 ms
2025-11-04 18:19:05,18.6 ms
2025-11-04 18:19:10,41.7 ms
2025-11-04 18:19:15,22.8 ms
2025-11-04 18:19:20,14.9 ms
2025-11-04 18:19:25,31.2 ms
2025-11-04 18:19:30,39.7 ms
2025-11-04 18:19:35,23.9 ms
2025-11-04 18:19:40,19.7 ms
2025-11-04 18:19:45,30.1 ms
2025-11-04 18:19:50,33.3 ms
2025-11-04 18:19:55,27.0 ms
2025-11-04 18:20:00,13.9 ms
2025-11-04 18:20:05,22.8 ms
2025-11-04 18:20:10,31.3 ms
2025-11-04 18:20:15,28.0 ms
2025-11-04 18:20:20,17.6 ms
2025-11-04 18:20:25,19.7 ms
2025-11-04 18:20:30,37.5 ms
2025-11-04 18:20:35,26.0 ms
2025-11-04 18:20:40,14.9 ms
2025-11-04 18:20:45,32.2 ms
2025-11-04 18:20:50,43.8 ms
2025-11-04 18:20:55,29.1 ms
2025-11-04 18:21:00,18.6 ms
2025-11-04 18:21:05,33.3 ms
2025-11-04 18:21:10,28.0 ms
2025-11-04 18:21:15,23.9 ms
2025-11-04 18:21:20,17.6 ms
2025-11-04 18:21:25,20.7 ms
2025-11-04 18:21:30,33.3 ms
2025-11-04 18:21:35,35.4 ms
2025-11-04 18:21:40,14.9 ms
2025-11-04 18:21:45,19.7 ms
2025-11-04 18:21:50,45.9 ms
2025-11-04 18:21:55,48.0 ms
2025-11-04 18:22:00,16.0 ms
2025-11-04 18:22:05,27.0 ms
2025-11-04 18:22:10,52.3 ms
2025-11-04 18:22:15,43.8 ms
2025-11-04 18:22:20,17.6 ms
2025-11-04 18:22:25,24.9 ms
2025-11-04 18:22:30,41.8 ms
2025-11-04 18:22:35,39.6 ms
2025-11-04 18:22:40,17.6 ms
2025-11-04 18:22:45,17.7 ms
2025-11-04 18:22:50,43.9 ms
2025-11-04 18:22:55,45.9 ms
2025-11-04 18:23:00,17.6 ms
2025-11-04 18:23:05,19.7 ms
2025-11-04 18:23:10,43.8 ms
2025-11-04 18:23:15,35.4 ms
2025-11-04 18:23:20,17.6 ms
2025-11-04 18:23:25,23.9 ms
2025-11-04 18:23:30,37.6 ms
2025-11-04 18:23:35,32.2 ms
2025-11-04 18:23:40,14.0 ms
2025-11-04 18:23:45,23.9 ms
2025-11-04 18:23:50,35.4 ms
2025-11-04 18:23:55,37.5 ms
2025-11-04 18:24:00,16.0 ms
2025-11-04 18:24:05,22.8 ms
2025-11-04 18:24:10,31.3 ms
2025-11-04 18:24:15,24.9 ms
2025-11-04 18:24:20,13.9 ms
2025-11-04 18:24:25,26.1 ms
2025-11-04 18:24:30,39.6 ms
2025-11-04 18:24:35,22.8 ms
2025-11-04 18:24:40,16.0 ms
2025-11-04 18:24:45,20.7 ms
2025-11-04 18:24:50,33.3 ms
2025-11-04 18:24:55,26.0 ms
2025-11-04 18:25:00,18.6 ms
2025-11-04 18:25:05,28.0 ms
2025-11-04 18:25:10,33.3 ms
2025-11-04 18:25:15,17.6 ms
2025-11-04 18:25:20,16.0 ms
2025-11-04 18:25:25,35.4 ms
2025-11-04 18:25:30,32.2 ms
2025-11-04 18:25:35,19.7 ms
2025-11-04 18:25:40,16.0 ms
2025-11-04 18:25:45,24.9 ms
2025-11-04 18:25:50,41.7 ms
2025-11-04 18:25:55,29.1 ms
2025-11-04 18:26:00,17.6 ms
2025-11-04 18:26:05,39.6 ms
2025-11-04 18:26:10,31.2 ms
2025-11-04 18:26:15,22.8 ms
2025-11-04 18:26:20,17.7 ms
2025-11-04 18:26:25,19.7 ms
2025-11-04 18:26:30,35.4 ms
2025-11-04 18:26:35,26.0 ms
2025-11-04 18:26:40,17.7 ms
2025-11-04 18:26:45,33.3 ms
2025-11-04 18:26:50,50.1 ms
2025-11-04 18:26:55,45.9 ms
2025-11-04 18:27:00,18.7 ms
2025-11-04 18:27:05,21.8 ms
2025-11-04 18:27:10,33.4 ms
2025-11-04 18:27:15,30.1 ms
2025-11-04 18:27:20,17.7 ms
2025-11-04 18:27:25,27.0 ms
2025-11-04 18:27:30,35.5 ms
2025-11-04 18:27:35,39.6 ms
2025-11-04 18:27:40,17.7 ms
2025-11-04 18:27:45,21.8 ms
2025-11-04 18:27:50,41.7 ms
2025-11-04 18:27:55,23.9 ms
2025-11-04 18:28:00,19.7 ms
2025-11-04 18:28:05,21.9 ms
2025-11-04 18:28:10,41.7 ms
2025-11-04 18:28:15,32.4 ms
2025-11-04 18:28:20,17.6 ms
2025-11-04 18:28:25,25.0 ms
2025-11-04 18:28:30,30.1 ms
2025-11-04 18:28:35,16.1 ms
2025-11-04 18:28:40,17.6 ms
2025-11-04 18:28:45,26.0 ms
2025-11-04 18:28:50,37.6 ms
2025-11-04 18:28:55,27.0 ms
2025-11-04 18:29:00,19.7 ms
2025-11-04 18:29:05,26.0 ms
2025-11-04 18:29:10,41.8 ms
2025-11-04 18:29:15,35.4 ms
2025-11-04 18:29:20,16.0 ms
2025-11-04 18:29:25,18.6 ms
2025-11-04 18:29:30,32.2 ms
2025-11-04 18:29:35,21.8 ms
2025-11-04 18:29:40,18.6 ms
2025-11-04 18:29:45,19.7 ms
2025-11-04 18:29:50,37.5 ms
2025-11-04 18:29:55,16.0 ms
2025-11-04 18:30:00,17.6 ms
2025-11-04 18:30:05,37.5 ms
2025-11-04 18:30:10,33.3 ms
2025-11-04 18:30:15,29.1 ms
2025-11-04 18:30:20,16.0 ms
2025-11-04 18:30:25,33.3 ms
2025-11-04 18:30:30,37.5 ms
2025-11-04 18:30:35,31.2 ms
2025-11-04 18:30:40,18.6 ms
2025-11-04 18:30:45,19.8 ms
2025-11-04 18:30:50,33.3 ms
2025-11-04 18:30:55,43.8 ms
2025-11-04 18:31:00,16.0 ms
2025-11-04 18:31:05,22.8 ms
2025-11-04 18:31:10,33.3 ms
2025-11-04 18:31:15,28.0 ms
2025-11-04 18:31:20,16.0 ms
2025-11-04 18:31:25,28.0 ms
2025-11-04 18:31:30,28.0 ms
2025-11-04 18:31:35,37.5 ms
2025-11-04 18:31:40,17.6 ms
2025-11-04 18:31:45,37.5 ms
2025-11-04 18:31:50,26.0 ms
2025-11-04 18:31:55,14.9 ms
2025-11-04 18:32:00,16.0 ms
2025-11-04 18:32:05,32.2 ms
2025-11-04 18:32:10,37.5 ms
2025-11-04 18:32:15,39.6 ms
2025-11-04 18:32:20,12.8 ms
2025-11-04 18:32:25,24.9 ms
2025-11-04 18:32:30,28.0 ms
2025-11-04 18:32:35,35.4 ms
2025-11-04 18:32:40,12.8 ms
2025-11-04 18:32:45,31.2 ms
2025-11-04 18:32:50,22.8 ms
2025-11-04 18:32:55,12.8 ms
2025-11-04 18:33:00,20.7 ms
2025-11-04 18:33:05,21.8 ms
2025-11-04 18:33:10,26.0 ms
2025-11-04 18:33:15,20.7 ms
2025-11-04 18:33:20,20.7 ms
2025-11-04 18:33:25,28.0 ms
2025-11-04 18:33:30,26.0 ms
2025-11-04 18:33:35,19.7 ms
2025-11-04 18:33:40,20.7 ms
2025-11-04 18:33:45,43.8 ms
2025-11-04 18:33:50,26.0 ms
2025-11-04 18:33:55,19.7 ms
2025-11-04 18:34:00,13.9 ms
2025-11-04 18:34:05,27.0 ms
2025-11-04 18:34:10,13.6 ms
2025-11-04 18:34:15,0 ms
2025-11-04 18:34:20,27.8 ms
2025-11-04 18:34:25,142 ms
2025-11-04 18:34:30,50.1 ms
2025-11-04 18:34:35,87.6 ms
2025-11-04 18:34:40,12.6 ms
2025-11-04 18:34:45,12.8 ms
2025-11-04 18:34:50,10.2 ms
2025-11-04 18:34:55,62.4 ms
2025-11-04 18:35:00,75.2 ms
2025-11-04 18:35:05,14.9 ms
2025-11-04 18:35:10,79.2 ms
2025-11-04 18:35:15,11.8 ms
2025-11-04 18:35:20,10.7 ms
2025-11-04 18:35:25,12.8 ms
2025-11-04 18:35:30,43.8 ms
2025-11-04 18:35:35,10.7 ms
2025-11-04 18:35:40,21.8 ms
2025-11-04 18:35:45,25.7 ms
2025-11-04 18:35:50,21.8 ms
2025-11-04 18:35:55,10.7 ms
2025-11-04 18:36:00,12.8 ms
2025-11-04 18:36:05,35.4 ms
2025-11-04 18:36:10,32.2 ms
2025-11-04 18:36:15,23.9 ms
2025-11-04 18:36:20,13.9 ms
2025-11-04 18:36:25,21.8 ms
2025-11-04 18:36:30,30.1 ms
2025-11-04 18:36:35,16.0 ms
2025-11-04 18:36:40,12.8 ms
2025-11-04 18:36:45,17.6 ms
2025-11-04 18:36:50,24.9 ms
2025-11-04 18:36:55,14.9 ms
2025-11-04 18:37:00,13.9 ms
2025-11-04 18:37:05,13.9 ms
2025-11-04 18:37:10,17.6 ms
2025-11-04 18:37:15,24.9 ms
2025-11-04 18:37:20,13.9 ms
2025-11-04 18:37:25,13.9 ms
2025-11-04 18:37:30,13.9 ms
2025-11-04 18:37:35,17.6 ms
2025-11-04 18:37:40,13.9 ms
2025-11-04 18:37:45,19.7 ms
2025-11-04 18:37:50,13.9 ms
2025-11-04 18:37:55,14.7 ms
2025-11-04 18:38:00,13.9 ms
2025-11-04 18:38:05,21.8 ms
2025-11-04 18:38:10,16.0 ms
2025-11-04 18:38:15,20.7 ms
2025-11-04 18:38:20,13.9 ms
2025-11-04 18:38:25,17.6 ms
2025-11-04 18:38:30,13.9 ms
2025-11-04 18:38:35,19.7 ms
2025-11-04 18:38:40,13.9 ms
2025-11-04 18:38:45,23.9 ms
2025-11-04 18:38:50,13.9 ms
2025-11-04 18:38:55,27.0 ms
2025-11-04 18:39:00,13.6 ms
2025-11-04 18:39:05,20.7 ms
2025-11-04 18:39:10,13.9 ms
2025-11-04 18:39:15,29.9 ms
2025-11-04 18:39:20,12.8 ms
2025-11-04 18:39:25,12.6 ms
2025-11-04 18:39:30,15.7 ms
2025-11-04 18:39:35,13.6 ms
2025-11-04 18:39:40,15.7 ms
2025-11-04 18:39:45,20.4 ms
2025-11-04 18:39:50,13.9 ms
2025-11-04 18:39:55,100 ms
2025-11-04 18:40:00,35.4 ms
2025-11-04 18:40:05,33.0 ms
2025-11-04 18:40:10,21.8 ms
2025-11-04 18:40:15,17.6 ms
2025-11-04 18:40:20,13.9 ms
2025-11-04 18:40:25,22.5 ms
2025-11-04 18:40:30,21.8 ms
2025-11-04 18:40:35,13.9 ms
2025-11-04 18:40:40,14.9 ms
2025-11-04 18:40:45,16.0 ms
2025-11-04 18:40:50,13.9 ms
2025-11-04 18:40:55,13.9 ms
2025-11-04 18:41:00,13.9 ms
2025-11-04 18:41:05,23.9 ms
2025-11-04 18:41:10,24.9 ms
2025-11-04 18:41:15,26.7 ms
2025-11-04 18:41:20,13.9 ms
2025-11-04 18:41:25,22.8 ms
2025-11-04 18:41:30,21.8 ms
2025-11-04 18:41:35,13.9 ms
2025-11-04 18:41:40,14.9 ms
2025-11-04 18:41:45,22.8 ms
2025-11-04 18:41:50,14.9 ms
2025-11-04 18:41:55,10.5 ms
2025-11-04 18:42:00,12.8 ms
2025-11-04 18:42:05,14.9 ms
2025-11-04 18:42:10,12.8 ms
2025-11-04 18:42:15,12.8 ms
2025-11-04 18:42:20,12.8 ms
2025-11-04 18:42:25,9.96 ms
2025-11-04 18:42:30,12.8 ms
2025-11-04 18:42:35,16.0 ms
2025-11-04 18:42:40,12.6 ms
2025-11-04 18:42:45,37.5 ms
2025-11-04 18:42:50,39.3 ms
2025-11-04 18:42:55,12.6 ms
2025-11-04 18:43:00,12.6 ms
2025-11-04 18:43:05,28.0 ms
2025-11-04 18:43:10,12.6 ms
2025-11-04 18:43:15,17.6 ms
2025-11-04 18:43:20,13.6 ms
2025-11-04 18:43:25,24.6 ms
2025-11-04 18:43:30,12.6 ms
2025-11-04 18:43:35,79.2 ms
2025-11-04 18:43:40,71.0 ms
2025-11-04 18:43:45,14.9 ms
2025-11-04 18:43:50,100 ms
2025-11-04 18:43:55,117 ms
2025-11-04 18:44:00,83.6 ms
2025-11-04 18:44:05,117 ms
2025-11-04 18:44:10,23.9 ms
2025-11-04 18:44:15,75.0 ms
2025-11-04 18:44:20,12.8 ms
2025-11-04 18:44:25,87.8 ms
2025-11-04 18:44:30,12.8 ms
2025-11-04 18:44:35,37.5 ms
2025-11-04 18:44:40,12.6 ms
2025-11-04 18:44:45,83.4 ms
2025-11-04 18:44:50,26.0 ms
2025-11-04 18:44:55,11.8 ms
2025-11-04 18:45:00,11.8 ms
2025-11-04 18:45:05,20.7 ms
2025-11-04 18:45:10,14.9 ms
2025-11-04 18:45:15,13.6 ms
2025-11-04 18:45:20,13.9 ms
2025-11-04 18:45:25,12.8 ms
2025-11-04 18:45:30,13.9 ms
2025-11-04 18:45:35,37.2 ms
2025-11-04 18:45:40,12.6 ms
2025-11-04 18:45:45,39.6 ms
2025-11-04 18:45:50,13.9 ms
2025-11-04 18:45:55,13.6 ms
2025-11-04 18:46:00,13.9 ms
2025-11-04 18:46:05,12.8 ms
2025-11-04 18:46:10,11.5 ms
2025-11-04 18:46:15,56.4 ms
2025-11-04 18:46:20,12.8 ms
2025-11-04 18:46:25,14.7 ms
2025-11-04 18:46:30,29.9 ms
2025-11-04 18:46:35,25.7 ms
2025-11-04 18:46:40,12.8 ms
2025-11-04 18:46:45,19.4 ms
2025-11-04 18:46:50,13.6 ms
2025-11-04 18:46:55,33.3 ms
2025-11-04 18:47:00,12.6 ms
2025-11-04 18:47:05,14.9 ms
2025-11-04 18:47:10,43.5 ms
2025-11-04 18:47:15,12.6 ms
2025-11-04 18:47:20,12.8 ms
2025-11-04 18:47:25,43.5 ms
2025-11-04 18:47:30,18.6 ms
2025-11-04 18:47:35,43.8 ms
2025-11-04 18:47:40,13.9 ms
2025-11-04 18:47:45,20.7 ms
2025-11-04 18:47:50,16.0 ms
2025-11-04 18:47:55,14.9 ms
2025-11-04 18:48:00,13.9 ms
2025-11-04 18:48:05,19.7 ms
2025-11-04 18:48:10,14.7 ms
2025-11-04 18:48:15,14.9 ms
2025-11-04 18:48:20,13.9 ms
2025-11-04 18:48:25,18.4 ms
2025-11-04 18:48:30,17.6 ms
2025-11-04 18:48:35,14.9 ms
2025-11-04 18:48:40,13.9 ms
2025-11-04 18:48:45,14.9 ms
2025-11-04 18:48:50,14.9 ms
2025-11-04 18:48:55,13.9 ms
2025-11-04 18:49:00,13.9 ms
2025-11-04 18:49:05,19.7 ms
2025-11-04 18:49:10,14.9 ms
2025-11-04 18:49:15,14.9 ms
2025-11-04 18:49:20,13.9 ms
2025-11-04 18:49:25,19.7 ms
2025-11-04 18:49:30,17.6 ms
2025-11-04 18:49:35,13.9 ms
2025-11-04 18:49:40,13.9 ms
2025-11-04 18:49:45,14.9 ms
2025-11-04 18:49:50,14.9 ms
2025-11-04 18:49:55,14.9 ms
2025-11-04 18:50:00,13.9 ms
2025-11-04 18:50:05,17.6 ms
2025-11-04 18:50:10,16.0 ms
2025-11-04 18:50:15,18.6 ms
2025-11-04 18:50:20,13.9 ms
2025-11-04 18:50:25,21.8 ms
2025-11-04 18:50:30,17.6 ms
2025-11-04 18:50:35,35.4 ms
2025-11-04 18:50:40,13.9 ms
2025-11-04 18:50:45,12.8 ms
2025-11-04 18:50:50,37.2 ms
2025-11-04 18:50:55,13.6 ms
2025-11-04 18:51:00,13.6 ms
2025-11-04 18:51:05,22.8 ms
2025-11-04 18:51:10,10.7 ms
2025-11-04 18:51:15,45.9 ms
2025-11-04 18:51:20,12.6 ms
2025-11-04 18:51:25,18.6 ms
2025-11-04 18:51:30,35.1 ms
2025-11-04 18:51:35,32.2 ms
2025-11-04 18:51:40,13.6 ms
2025-11-04 18:51:45,14.9 ms
2025-11-04 18:51:50,21.8 ms
2025-11-04 18:51:55,13.6 ms
2025-11-04 18:52:00,17.6 ms
2025-11-04 18:52:05,35.1 ms
2025-11-04 18:52:10,28.0 ms
2025-11-04 18:52:15,41.7 ms
2025-11-04 18:52:20,21.5 ms
2025-11-04 18:52:25,19.4 ms
2025-11-04 18:52:30,13.9 ms
2025-11-04 18:52:35,27.0 ms
2025-11-04 18:52:40,12.6 ms
2025-11-04 18:52:45,12.6 ms
2025-11-04 18:52:50,12.6 ms
2025-11-04 18:52:55,24.6 ms
2025-11-04 18:53:00,12.6 ms
2025-11-04 18:53:05,49.8 ms
2025-11-04 18:53:10,12.8 ms
2025-11-04 18:53:15,39.3 ms
2025-11-04 18:53:20,13.6 ms
2025-11-04 18:53:25,21.5 ms
2025-11-04 18:53:30,26.7 ms
2025-11-04 18:53:35,12.8 ms
2025-11-04 18:53:40,13.6 ms
2025-11-04 18:53:45,45.6 ms
2025-11-04 18:53:50,10.7 ms
2025-11-04 18:53:55,14.7 ms
2025-11-04 18:54:00,13.6 ms
2025-11-04 18:54:05,23.6 ms
2025-11-04 18:54:10,13.6 ms
2025-11-04 18:54:15,11.5 ms
2025-11-04 18:54:20,13.6 ms
2025-11-04 18:54:25,21.8 ms
2025-11-04 18:54:30,28.8 ms
2025-11-04 18:54:35,37.2 ms
2025-11-04 18:54:40,12.8 ms
2025-11-04 18:54:45,11.8 ms
2025-11-04 18:54:50,13.6 ms
2025-11-04 18:54:55,13.6 ms
2025-11-04 18:55:00,14.7 ms
2025-11-04 18:55:05,17.3 ms
2025-11-04 18:55:10,13.6 ms
2025-11-04 18:55:15,18.4 ms
2025-11-04 18:55:20,13.9 ms
2025-11-04 18:55:25,17.3 ms
2025-11-04 18:55:30,13.9 ms
2025-11-04 18:55:35,24.6 ms
2025-11-04 18:55:40,13.6 ms
2025-11-04 18:55:45,17.3 ms
2025-11-04 18:55:50,32.0 ms
2025-11-04 18:55:55,14.7 ms
2025-11-04 18:56:00,13.6 ms
2025-11-04 18:56:05,20.4 ms
2025-11-04 18:56:10,13.6 ms
2025-11-04 18:56:15,30.9 ms
2025-11-04 18:56:20,13.9 ms
2025-11-04 18:56:25,13.6 ms
2025-11-04 18:56:30,12.6 ms
2025-11-04 18:56:35,27.8 ms
2025-11-04 18:56:40,9.96 ms
2025-11-04 18:56:45,12.6 ms
2025-11-04 18:56:50,35.4 ms
2025-11-04 18:56:55,14.7 ms
2025-11-04 18:57:00,12.6 ms
2025-11-04 18:57:05,39.3 ms
2025-11-04 18:57:10,13.9 ms
2025-11-04 18:57:15,21.5 ms
2025-11-04 18:57:20,13.9 ms
2025-11-04 18:57:25,35.1 ms
2025-11-04 18:57:30,13.6 ms
2025-11-04 18:57:35,35.4 ms
2025-11-04 18:57:40,11.8 ms
2025-11-04 18:57:45,19.4 ms
2025-11-04 18:57:50,18.4 ms
2025-11-04 18:57:55,47.7 ms
2025-11-04 18:58:00,13.6 ms
2025-11-04 18:58:05,14.9 ms
2025-11-04 18:58:10,12.8 ms
2025-11-04 18:58:15,13.6 ms
2025-11-04 18:58:20,11.5 ms
2025-11-04 18:58:25,17.3 ms
2025-11-04 18:58:30,28.8 ms
2025-11-04 18:58:35,32.2 ms
2025-11-04 18:58:40,14.7 ms
2025-11-04 18:58:45,12.6 ms
2025-11-04 18:58:50,24.9 ms
2025-11-04 18:58:55,51.9 ms
2025-11-04 18:59:00,13.6 ms
2025-11-04 18:59:05,22.5 ms
2025-11-04 18:59:10,26.7 ms
2025-11-04 18:59:15,22.5 ms
2025-11-04 18:59:20,13.6 ms
2025-11-04 18:59:25,12.6 ms
2025-11-04 18:59:30,14.7 ms
2025-11-04 18:59:35,43.5 ms
2025-11-04 18:59:40,13.6 ms
2025-11-04 18:59:45,21.5 ms
2025-11-04 18:59:50,29.9 ms
2025-11-04 18:59:55,37.2 ms
2025-11-04 19:00:00,14.7 ms
2025-11-04 19:00:05,21.5 ms
2025-11-04 19:00:10,30.9 ms
2025-11-04 19:00:15,13.6 ms
2025-11-04 19:00:20,13.6 ms
2025-11-04 19:00:25,26.7 ms
2025-11-04 19:00:30,43.5 ms
2025-11-04 19:00:35,13.9 ms
2025-11-04 19:00:40,14.7 ms
2025-11-04 19:00:45,19.4 ms
2025-11-04 19:00:50,27.8 ms
2025-11-04 19:00:55,21.5 ms
2025-11-04 19:01:00,13.6 ms
2025-11-04 19:01:05,39.3 ms
2025-11-04 19:01:10,17.6 ms
2025-11-04 19:01:15,19.4 ms
2025-11-04 19:01:20,12.6 ms
2025-11-04 19:01:25,28.8 ms
2025-11-04 19:01:30,14.7 ms
2025-11-04 19:01:35,35.1 ms
2025-11-04 19:01:40,13.6 ms
2025-11-04 19:01:45,13.6 ms
2025-11-04 19:01:50,25.7 ms
2025-11-04 19:01:55,13.6 ms
2025-11-04 19:02:00,12.6 ms
2025-11-04 19:02:05,12.8 ms
2025-11-04 19:02:10,31.2 ms
2025-11-04 19:02:15,13.9 ms
2025-11-04 19:02:20,12.6 ms
2025-11-04 19:02:25,12.6 ms
2025-11-04 19:02:30,12.6 ms
2025-11-04 19:02:35,13.6 ms
2025-11-04 19:02:40,12.6 ms
2025-11-04 19:02:45,47.7 ms
2025-11-04 19:02:50,13.9 ms
2025-11-04 19:02:55,37.2 ms
2025-11-04 19:03:00,12.8 ms
2025-11-04 19:03:05,27.0 ms
2025-11-04 19:03:10,13.6 ms
2025-11-04 19:03:15,39.6 ms
2025-11-04 19:03:20,13.6 ms
2025-11-04 19:03:25,12.8 ms
2025-11-04 19:03:30,21.5 ms
2025-11-04 19:03:35,25.7 ms
2025-11-04 19:03:40,11.5 ms
2025-11-04 19:03:45,12.8 ms
2025-11-04 19:03:50,13.6 ms
2025-11-04 19:03:55,54.0 ms
2025-11-04 19:04:00,12.6 ms
2025-11-04 19:04:05,11.5 ms
2025-11-04 19:04:10,15.7 ms
2025-11-04 19:04:15,11.8 ms
2025-11-04 19:04:20,12.6 ms
2025-11-04 19:04:25,17.3 ms
2025-11-04 19:04:30,14.7 ms
2025-11-04 19:04:35,12.8 ms
2025-11-04 19:04:40,13.6 ms
2025-11-04 19:04:45,13.6 ms
2025-11-04 19:04:50,21.8 ms
2025-11-04 19:04:55,43.8 ms
2025-11-04 19:05:00,13.9 ms
2025-11-04 19:05:05,19.4 ms
2025-11-04 19:05:10,9.18 ms
2025-11-04 19:05:15,12.8 ms
2025-11-04 19:05:20,13.6 ms
2025-11-04 19:05:25,11.5 ms
2025-11-04 19:05:30,12.6 ms
2025-11-04 19:05:35,13.6 ms
2025-11-04 19:05:40,13.9 ms
2025-11-04 19:05:45,11.5 ms
2025-11-04 19:05:50,11.5 ms
2025-11-04 19:05:55,26.0 ms
2025-11-04 19:06:00,11.5 ms
2025-11-04 19:06:05,16.0 ms
2025-11-04 19:06:10,12.6 ms
2025-11-04 19:06:15,12.8 ms
2025-11-04 19:06:20,14.7 ms
2025-11-04 19:06:25,14.7 ms
2025-11-04 19:06:30,13.9 ms
2025-11-04 19:06:35,12.6 ms
2025-11-04 19:06:40,12.6 ms
2025-11-04 19:06:45,21.5 ms
2025-11-04 19:06:50,13.9 ms
2025-11-04 19:06:55,39.3 ms
2025-11-04 19:07:00,13.6 ms
2025-11-04 19:07:05,13.9 ms
2025-11-04 19:07:10,13.6 ms
2025-11-04 19:07:15,13.6 ms
2025-11-04 19:07:20,13.6 ms
2025-11-04 19:07:25,13.6 ms
2025-11-04 19:07:30,35.1 ms
2025-11-04 19:07:35,12.6 ms
2025-11-04 19:07:40,13.6 ms
2025-11-04 19:07:45,20.4 ms
2025-11-04 19:07:50,15.7 ms