Time,p0.9
11/3/2025 20:38,54.3 ms
11/3/2025 20:38,13.6 ms
11/3/2025 20:38,14.9 ms
11/3/2025 20:38,13.6 ms
11/3/2025 20:38,13.9 ms
11/3/2025 20:38,19.7 ms
11/3/2025 20:38,47.7 ms
11/3/2025 20:39,11.8 ms
11/3/2025 20:39,13.6 ms
11/3/2025 20:39,10.2 ms
11/3/2025 20:39,17.6 ms
11/3/2025 20:39,11.8 ms
11/3/2025 20:39,11.8 ms
11/3/2025 20:39,13.6 ms
11/3/2025 20:39,43.8 ms
11/3/2025 20:39,12.8 ms
11/3/2025 20:39,11.8 ms
11/3/2025 20:39,12.8 ms
11/3/2025 20:39,13.9 ms
11/3/2025 20:40,12.8 ms
11/3/2025 20:40,21.8 ms
11/3/2025 20:40,11.8 ms
11/3/2025 20:40,10.2 ms
11/3/2025 20:40,11.8 ms
11/3/2025 20:40,49.8 ms
11/3/2025 20:40,17.3 ms
11/3/2025 20:40,11.5 ms
11/3/2025 20:40,14.7 ms
11/3/2025 20:40,12.6 ms
11/3/2025 20:40,14.7 ms
11/3/2025 20:40,12.6 ms
11/3/2025 20:41,13.6 ms
11/3/2025 20:41,17.3 ms
11/3/2025 20:41,13.9 ms
11/3/2025 20:41,45.9 ms
11/3/2025 20:41,13.6 ms
11/3/2025 20:41,13.9 ms
11/3/2025 20:41,13.9 ms
11/3/2025 20:41,54.0 ms
11/3/2025 20:41,14.7 ms
11/3/2025 20:41,18.6 ms
11/3/2025 20:41,13.6 ms
11/3/2025 20:41,19.4 ms
11/3/2025 20:42,13.6 ms
11/3/2025 20:42,26.7 ms
11/3/2025 20:42,12.8 ms
11/3/2025 20:42,35.4 ms
11/3/2025 20:42,12.6 ms
11/3/2025 20:42,12.8 ms
11/3/2025 20:42,13.6 ms
11/3/2025 20:42,11.8 ms
11/3/2025 20:42,11.5 ms
11/3/2025 20:42,14.7 ms
11/3/2025 20:42,14.9 ms
11/3/2025 20:42,11.8 ms
11/3/2025 20:43,13.9 ms
11/3/2025 20:43,35.1 ms
11/3/2025 20:43,13.9 ms
11/3/2025 20:43,12.6 ms
11/3/2025 20:43,12.6 ms
11/3/2025 20:43,11.8 ms
11/3/2025 20:43,27.8 ms
11/3/2025 20:43,11.8 ms
11/3/2025 20:43,14.7 ms
11/3/2025 20:43,10.7 ms
11/3/2025 20:43,14.7 ms
11/3/2025 20:43,27.0 ms
11/3/2025 20:44,13.6 ms
11/3/2025 20:44,12.6 ms
11/3/2025 20:44,13.9 ms
11/3/2025 20:44,13.6 ms
11/3/2025 20:44,21.5 ms
11/3/2025 20:44,30.9 ms
11/3/2025 20:44,12.6 ms
11/3/2025 20:44,41.4 ms
11/3/2025 20:44,11.5 ms
11/3/2025 20:44,35.1 ms
11/3/2025 20:44,11.5 ms
11/3/2025 20:44,12.6 ms
11/3/2025 20:45,13.6 ms
11/3/2025 20:45,13.6 ms
11/3/2025 20:45,27.8 ms
11/3/2025 20:45,11.5 ms
11/3/2025 20:45,13.9 ms
11/3/2025 20:45,12.6 ms
11/3/2025 20:45,25.7 ms
11/3/2025 20:45,12.6 ms
11/3/2025 20:45,12.8 ms
11/3/2025 20:45,17.3 ms
11/3/2025 20:45,14.7 ms
11/3/2025 20:45,13.6 ms
11/3/2025 20:46,12.6 ms
11/3/2025 20:46,14.9 ms
11/3/2025 20:46,14.9 ms
11/3/2025 20:46,47.7 ms
11/3/2025 20:46,17.3 ms
11/3/2025 20:46,30.9 ms
11/3/2025 20:46,12.6 ms
11/3/2025 20:46,27.8 ms
11/3/2025 20:46,11.8 ms
11/3/2025 20:46,35.1 ms
11/3/2025 20:46,25.7 ms
11/3/2025 20:46,21.5 ms
11/3/2025 20:47,15.7 ms
11/3/2025 20:47,21.5 ms
11/3/2025 20:47,31.2 ms
11/3/2025 20:47,54.0 ms
11/3/2025 20:47,13.6 ms
11/3/2025 20:47,13.6 ms
11/3/2025 20:47,14.7 ms
11/3/2025 20:47,13.6 ms
11/3/2025 20:47,12.6 ms
11/3/2025 20:47,27.8 ms
11/3/2025 20:47,13.6 ms
11/3/2025 20:47,12.8 ms
11/3/2025 20:48,14.7 ms
11/3/2025 20:48,13.6 ms
11/3/2025 20:48,14.9 ms
11/3/2025 20:48,35.1 ms
11/3/2025 20:48,12.6 ms
11/3/2025 20:48,13.6 ms
11/3/2025 20:48,17.3 ms
11/3/2025 20:48,12.6 ms
11/3/2025 20:48,13.6 ms
11/3/2025 20:48,12.6 ms
11/3/2025 20:48,13.6 ms
11/3/2025 20:48,12.6 ms
11/3/2025 20:49,12.6 ms
11/3/2025 20:49,12.6 ms
11/3/2025 20:49,41.7 ms
11/3/2025 20:49,15.7 ms
11/3/2025 20:49,13.6 ms
11/3/2025 20:49,13.6 ms
11/3/2025 20:49,25.7 ms
11/3/2025 20:49,39.6 ms
11/3/2025 20:49,10.7 ms
11/3/2025 20:49,13.9 ms
11/3/2025 20:49,12.6 ms
11/3/2025 20:49,14.7 ms
11/3/2025 20:50,15.7 ms
11/3/2025 20:50,20.4 ms
11/3/2025 20:50,12.8 ms
11/3/2025 20:50,41.4 ms
11/3/2025 20:50,12.6 ms
11/3/2025 20:50,21.5 ms
11/3/2025 20:50,14.7 ms
11/3/2025 20:50,12.6 ms
11/3/2025 20:50,12.6 ms
11/3/2025 20:50,41.4 ms
11/3/2025 20:50,21.5 ms
11/3/2025 20:50,58.2 ms
11/3/2025 20:51,13.6 ms
11/3/2025 20:51,12.6 ms
11/3/2025 20:51,12.6 ms
11/3/2025 20:51,13.6 ms
11/3/2025 20:51,13.9 ms
11/3/2025 20:51,22.8 ms
11/3/2025 20:51,21.8 ms
11/3/2025 20:51,11.8 ms
11/3/2025 20:51,14.9 ms
11/3/2025 20:51,37.2 ms
11/3/2025 20:51,28.0 ms
11/3/2025 20:51,11.5 ms
11/3/2025 20:52,13.6 ms
11/3/2025 20:52,20.4 ms
11/3/2025 20:52,12.8 ms
11/3/2025 20:52,13.6 ms
11/3/2025 20:52,12.6 ms
11/3/2025 20:52,25.7 ms
11/3/2025 20:52,12.6 ms
11/3/2025 20:52,12.8 ms
11/3/2025 20:52,14.9 ms
11/3/2025 20:52,27.8 ms
11/3/2025 20:52,12.6 ms
11/3/2025 20:52,58.2 ms
11/3/2025 20:53,13.6 ms
11/3/2025 20:53,18.4 ms
11/3/2025 20:53,11.5 ms
11/3/2025 20:53,12.6 ms
11/3/2025 20:53,13.9 ms
11/3/2025 20:53,21.5 ms
11/3/2025 20:53,22.5 ms
11/3/2025 20:53,23.9 ms
11/3/2025 20:53,13.9 ms
11/3/2025 20:53,35.4 ms
11/3/2025 20:53,21.5 ms
11/3/2025 20:53,54.0 ms
11/3/2025 20:54,13.9 ms
11/3/2025 20:54,13.9 ms
11/3/2025 20:54,21.5 ms
11/3/2025 20:54,23.9 ms
11/3/2025 20:54,13.9 ms
11/3/2025 20:54,11.8 ms
11/3/2025 20:54,30.1 ms
11/3/2025 20:54,50.1 ms
11/3/2025 20:54,13.9 ms
11/3/2025 20:54,21.8 ms
11/3/2025 20:54,13.9 ms
11/3/2025 20:54,43.8 ms
11/3/2025 20:55,14.7 ms
11/3/2025 20:55,14.9 ms
11/3/2025 20:55,14.7 ms
11/3/2025 20:55,14.9 ms
11/3/2025 20:55,14.7 ms
11/3/2025 20:55,19.4 ms
11/3/2025 20:55,10.7 ms
11/3/2025 20:55,13.6 ms
11/3/2025 20:55,13.9 ms
11/3/2025 20:55,14.7 ms
11/3/2025 20:55,24.9 ms
11/3/2025 20:55,11.8 ms
11/3/2025 20:56,14.9 ms
11/3/2025 20:56,14.7 ms
11/3/2025 20:56,16.0 ms
11/3/2025 20:56,13.6 ms
11/3/2025 20:56,14.7 ms
11/3/2025 20:56,13.6 ms
11/3/2025 20:56,26.7 ms
11/3/2025 20:56,29.9 ms
11/3/2025 20:56,12.6 ms
11/3/2025 20:56,13.9 ms
11/3/2025 20:56,39.3 ms
11/3/2025 20:56,13.6 ms
11/3/2025 20:57,14.7 ms
11/3/2025 20:57,21.5 ms
11/3/2025 20:57,25.7 ms
11/3/2025 20:57,12.6 ms
11/3/2025 20:57,14.7 ms
11/3/2025 20:57,23.9 ms
11/3/2025 20:57,14.7 ms
11/3/2025 20:57,12.6 ms
11/3/2025 20:57,13.6 ms
11/3/2025 20:57,16.0 ms
11/3/2025 20:57,13.6 ms
11/3/2025 20:57,17.3 ms
11/3/2025 20:58,14.7 ms
11/3/2025 20:58,14.7 ms
11/3/2025 20:58,12.8 ms
11/3/2025 20:58,12.8 ms
11/3/2025 20:58,14.7 ms
11/3/2025 20:58,14.9 ms
11/3/2025 20:58,29.9 ms
11/3/2025 20:58,14.7 ms
11/3/2025 20:58,12.6 ms
11/3/2025 20:58,37.5 ms
11/3/2025 20:58,37.5 ms
11/3/2025 20:58,14.7 ms
11/3/2025 20:59,15.7 ms
11/3/2025 20:59,17.3 ms
11/3/2025 20:59,13.6 ms
11/3/2025 20:59,13.9 ms
11/3/2025 20:59,13.6 ms
11/3/2025 20:59,13.6 ms
11/3/2025 20:59,23.6 ms
11/3/2025 20:59,31.2 ms
11/3/2025 20:59,12.6 ms
11/3/2025 20:59,14.7 ms
11/3/2025 20:59,13.6 ms
11/3/2025 20:59,21.5 ms
11/3/2025 21:00,13.6 ms
11/3/2025 21:00,13.6 ms
11/3/2025 21:00,25.7 ms
11/3/2025 21:00,35.1 ms
11/3/2025 21:00,13.6 ms
11/3/2025 21:00,15.7 ms
11/3/2025 21:00,30.9 ms
11/3/2025 21:00,14.7 ms
11/3/2025 21:00,14.7 ms
11/3/2025 21:00,35.1 ms
11/3/2025 21:00,20.4 ms
11/3/2025 21:00,47.7 ms
11/3/2025 21:01,13.6 ms
11/3/2025 21:01,12.8 ms
11/3/2025 21:01,21.8 ms
11/3/2025 21:01,25.7 ms
11/3/2025 21:01,12.6 ms
11/3/2025 21:01,13.6 ms
11/3/2025 21:01,12.8 ms
11/3/2025 21:01,13.9 ms
11/3/2025 21:01,12.8 ms
11/3/2025 21:01,12.8 ms
11/3/2025 21:01,28.0 ms
11/3/2025 21:01,43.5 ms
11/3/2025 21:02,12.8 ms
11/3/2025 21:02,13.6 ms
11/3/2025 21:02,13.6 ms
11/3/2025 21:02,43.8 ms
11/3/2025 21:02,11.5 ms
11/3/2025 21:02,21.5 ms
11/3/2025 21:02,12.6 ms
11/3/2025 21:02,35.4 ms
11/3/2025 21:02,11.8 ms
11/3/2025 21:02,17.3 ms
11/3/2025 21:02,12.8 ms
11/3/2025 21:02,35.4 ms
11/3/2025 21:03,17.3 ms
11/3/2025 21:03,30.9 ms
11/3/2025 21:03,14.9 ms
11/3/2025 21:03,12.8 ms
11/3/2025 21:03,11.8 ms
11/3/2025 21:03,12.8 ms
11/3/2025 21:03,14.9 ms
11/3/2025 21:03,14.9 ms
11/3/2025 21:03,13.6 ms
11/3/2025 21:03,21.5 ms
11/3/2025 21:03,24.6 ms
11/3/2025 21:03,29.1 ms
11/3/2025 21:04,13.6 ms
11/3/2025 21:04,15.7 ms
11/3/2025 21:04,12.6 ms
11/3/2025 21:04,37.2 ms
11/3/2025 21:04,13.6 ms
11/3/2025 21:04,13.6 ms
11/3/2025 21:04,13.6 ms
11/3/2025 21:04,27.8 ms
11/3/2025 21:04,12.8 ms
11/3/2025 21:04,30.9 ms
11/3/2025 21:04,21.5 ms
11/3/2025 21:04,12.8 ms
11/3/2025 21:05,13.6 ms
11/3/2025 21:05,19.4 ms
11/3/2025 21:05,21.5 ms
11/3/2025 21:05,12.8 ms
11/3/2025 21:05,14.9 ms
11/3/2025 21:05,12.8 ms
11/3/2025 21:05,12.6 ms
11/3/2025 21:05,31.2 ms
11/3/2025 21:05,11.5 ms
11/3/2025 21:05,11.8 ms
11/3/2025 21:05,13.6 ms
11/3/2025 21:05,10.7 ms
11/3/2025 21:06,12.6 ms
11/3/2025 21:06,13.9 ms
11/3/2025 21:06,12.6 ms
11/3/2025 21:06,11.8 ms
11/3/2025 21:06,45.9 ms
11/3/2025 21:06,10.7 ms
11/3/2025 21:06,21.8 ms
11/3/2025 21:06,19.7 ms
11/3/2025 21:06,13.9 ms
11/3/2025 21:06,20.7 ms
11/3/2025 21:06,21.8 ms
11/3/2025 21:06,17.6 ms
11/3/2025 21:07,13.9 ms
11/3/2025 21:07,14.9 ms
11/3/2025 21:07,17.6 ms
11/3/2025 21:07,18.6 ms
11/3/2025 21:07,14.9 ms
11/3/2025 21:07,21.8 ms
11/3/2025 21:07,20.7 ms
11/3/2025 21:07,17.6 ms
11/3/2025 21:07,13.9 ms
11/3/2025 21:07,22.8 ms
11/3/2025 21:07,20.7 ms
11/3/2025 21:07,14.7 ms
11/3/2025 21:08,14.9 ms
11/3/2025 21:08,18.6 ms
11/3/2025 21:08,19.4 ms
11/3/2025 21:08,17.6 ms
11/3/2025 21:08,13.9 ms
11/3/2025 21:08,20.7 ms
11/3/2025 21:08,17.6 ms
11/3/2025 21:08,20.7 ms
11/3/2025 21:08,13.9 ms
11/3/2025 21:08,13.9 ms
11/3/2025 21:08,17.6 ms
11/3/2025 21:08,20.7 ms
11/3/2025 21:09,13.9 ms
11/3/2025 21:09,17.6 ms
11/3/2025 21:09,14.9 ms
11/3/2025 21:09,16.0 ms
11/3/2025 21:09,13.9 ms
11/3/2025 21:09,17.6 ms
11/3/2025 21:09,16.0 ms
11/3/2025 21:09,17.6 ms
11/3/2025 21:09,13.9 ms
11/3/2025 21:09,14.7 ms
11/3/2025 21:09,20.7 ms
11/3/2025 21:09,18.6 ms
11/3/2025 21:10,13.9 ms
11/3/2025 21:10,16.0 ms
11/3/2025 21:10,16.0 ms
11/3/2025 21:10,16.0 ms
11/3/2025 21:10,13.9 ms
11/3/2025 21:10,17.6 ms
11/3/2025 21:10,18.6 ms
11/3/2025 21:10,16.0 ms
11/3/2025 21:10,13.9 ms
11/3/2025 21:10,16.0 ms
11/3/2025 21:10,18.6 ms
11/3/2025 21:10,21.8 ms
11/3/2025 21:11,12.8 ms
11/3/2025 21:11,21.8 ms
11/3/2025 21:11,13.9 ms
11/3/2025 21:11,24.9 ms
11/3/2025 21:11,17.6 ms
11/3/2025 21:11,39.6 ms
11/3/2025 21:11,21.8 ms
11/3/2025 21:11,32.2 ms
11/3/2025 21:11,16.0 ms
11/3/2025 21:11,24.9 ms
11/3/2025 21:11,23.9 ms
11/3/2025 21:11,37.5 ms
11/3/2025 21:12,17.6 ms
11/3/2025 21:12,26.0 ms
11/3/2025 21:12,21.8 ms
11/3/2025 21:12,35.4 ms
11/3/2025 21:12,16.0 ms
11/3/2025 21:12,28.0 ms
11/3/2025 21:12,21.8 ms
11/3/2025 21:12,31.2 ms
11/3/2025 21:12,16.0 ms
11/3/2025 21:12,23.9 ms
11/3/2025 21:12,21.8 ms
11/3/2025 21:12,31.2 ms
11/3/2025 21:13,17.6 ms
11/3/2025 21:13,24.9 ms
11/3/2025 21:13,23.9 ms
11/3/2025 21:13,32.2 ms
11/3/2025 21:13,17.6 ms
11/3/2025 21:13,35.4 ms
11/3/2025 21:13,26.0 ms
11/3/2025 21:13,33.3 ms
11/3/2025 21:13,17.6 ms
11/3/2025 21:13,22.8 ms
11/3/2025 21:13,24.9 ms
11/3/2025 21:13,31.2 ms
11/3/2025 21:14,18.6 ms
11/3/2025 21:14,20.7 ms
11/3/2025 21:14,20.7 ms
11/3/2025 21:14,32.2 ms
11/3/2025 21:14,18.6 ms
11/3/2025 21:14,26.0 ms
11/3/2025 21:14,33.3 ms
11/3/2025 21:14,33.3 ms
11/3/2025 21:14,13.9 ms
11/3/2025 21:14,21.8 ms
11/3/2025 21:14,24.9 ms
11/3/2025 21:14,35.4 ms
11/3/2025 21:15,20.7 ms
11/3/2025 21:15,21.8 ms
11/3/2025 21:15,13.9 ms
11/3/2025 21:15,30.1 ms
11/3/2025 21:15,12.8 ms
11/3/2025 21:15,32.2 ms
11/3/2025 21:15,31.2 ms
11/3/2025 21:15,35.4 ms
11/3/2025 21:15,12.8 ms
11/3/2025 21:15,26.0 ms
11/3/2025 21:15,17.6 ms
11/3/2025 21:15,27.0 ms
11/3/2025 21:16,13.9 ms
11/3/2025 21:16,21.8 ms
11/3/2025 21:16,19.7 ms
11/3/2025 21:16,21.8 ms
11/3/2025 21:16,12.8 ms
11/3/2025 21:16,28.0 ms
11/3/2025 21:16,43.8 ms
11/3/2025 21:16,30.1 ms
11/3/2025 21:16,11.8 ms
11/3/2025 21:16,22.8 ms
11/3/2025 21:16,19.7 ms
11/3/2025 21:16,35.4 ms
11/3/2025 21:17,16.0 ms
11/3/2025 21:17,45.9 ms
11/3/2025 21:17,30.1 ms
11/3/2025 21:17,35.4 ms
11/3/2025 21:17,14.9 ms
11/3/2025 21:17,39.6 ms
11/3/2025 21:17,28.2 ms
11/3/2025 21:17,52.2 ms
11/3/2025 21:17,21.8 ms
11/3/2025 21:17,43.8 ms
11/3/2025 21:17,48.0 ms
11/3/2025 21:17,37.5 ms
11/3/2025 21:18,24.9 ms
11/3/2025 21:18,39.6 ms
11/3/2025 21:18,23.9 ms
11/3/2025 21:18,39.6 ms
11/3/2025 21:18,16.0 ms
11/3/2025 21:18,27.0 ms
11/3/2025 21:18,23.9 ms
11/3/2025 21:18,41.7 ms
11/3/2025 21:18,16.0 ms
11/3/2025 21:18,37.5 ms
11/3/2025 21:18,39.6 ms
11/3/2025 21:18,39.6 ms
11/3/2025 21:19,19.7 ms
11/3/2025 21:19,43.8 ms
11/3/2025 21:19,21.8 ms
11/3/2025 21:19,37.5 ms
11/3/2025 21:19,20.7 ms
11/3/2025 21:19,21.8 ms
11/3/2025 21:19,22.8 ms
11/3/2025 21:19,56.4 ms
11/3/2025 21:19,14.9 ms
11/3/2025 21:19,16.0 ms
11/3/2025 21:19,19.7 ms
11/3/2025 21:19,837 ms
11/3/2025 21:20,129 ms
11/3/2025 21:20,142 ms
11/3/2025 21:20,105 ms
11/3/2025 21:20,117 ms
11/3/2025 21:20,18.6 ms
11/3/2025 21:20,19.7 ms
11/3/2025 21:20,48.0 ms
11/3/2025 21:20,33.3 ms
11/3/2025 21:20,13.9 ms
11/3/2025 21:20,21.8 ms
11/3/2025 21:20,17.6 ms
11/3/2025 21:20,18.6 ms
11/3/2025 21:21,13.6 ms
11/3/2025 21:21,21.8 ms
11/3/2025 21:21,14.9 ms
11/3/2025 21:21,17.6 ms
11/3/2025 21:21,13.9 ms
11/3/2025 21:21,35.4 ms
11/3/2025 21:21,14.9 ms
11/3/2025 21:21,23.9 ms
11/3/2025 21:21,14.9 ms
11/3/2025 21:21,18.6 ms
11/3/2025 21:21,17.3 ms
11/3/2025 21:21,91.8 ms
11/3/2025 21:22,14.9 ms
11/3/2025 21:22,41.4 ms
11/3/2025 21:22,96.2 ms
11/3/2025 21:22,92.0 ms
11/3/2025 21:22,100 ms
11/3/2025 21:22,100 ms
11/3/2025 21:22,100 ms
11/3/2025 21:22,100 ms
11/3/2025 21:22,64.7 ms
11/3/2025 21:22,21.8 ms
11/3/2025 21:22,32.2 ms
11/3/2025 21:22,43.8 ms
11/3/2025 21:23,16.0 ms
11/3/2025 21:23,20.7 ms
11/3/2025 21:23,16.0 ms
11/3/2025 21:23,39.3 ms
11/3/2025 21:23,92.3 ms
11/3/2025 21:23,64.7 ms
11/3/2025 21:23,50.1 ms
11/3/2025 21:23,66.8 ms
11/3/2025 21:23,54.3 ms
11/3/2025 21:23,21.5 ms
11/3/2025 21:23,51.4 ms
11/3/2025 21:23,37.5 ms
11/3/2025 21:24,45.6 ms
11/3/2025 21:24,60.3 ms
11/3/2025 21:24,87.6 ms
11/3/2025 21:24,86.0 ms
11/3/2025 21:24,87.6 ms
11/3/2025 21:24,43.5 ms
11/3/2025 21:24,13.9 ms
11/3/2025 21:24,17.6 ms
11/3/2025 21:24,104 ms
11/3/2025 21:24,41.4 ms
11/3/2025 21:24,87.8 ms
11/3/2025 21:24,100 ms
11/3/2025 21:25,100 ms
11/3/2025 21:25,19.7 ms
11/3/2025 21:25,16.0 ms
11/3/2025 21:25,21.8 ms
11/3/2025 21:25,14.9 ms
11/3/2025 21:25,19.4 ms
11/3/2025 21:25,14.9 ms
11/3/2025 21:25,18.4 ms
11/3/2025 21:25,79.2 ms
11/3/2025 21:25,13.9 ms
11/3/2025 21:25,71.0 ms
11/3/2025 21:25,95.9 ms
11/3/2025 21:26,15.7 ms
11/3/2025 21:26,19.7 ms
11/3/2025 21:26,43.5 ms
11/3/2025 21:26,19.4 ms
11/3/2025 21:26,0 ms
11/3/2025 21:26,0 ms
11/3/2025 21:26,0 ms
11/3/2025 21:26,0 ms
11/3/2025 21:26,0 ms
11/3/2025 21:26,92.0 ms
11/3/2025 21:26,75.2 ms
11/3/2025 21:26,96.2 ms
11/3/2025 21:27,66.8 ms
11/3/2025 21:27,105 ms
11/3/2025 21:27,66.8 ms
11/3/2025 21:27,91.8 ms
11/3/2025 21:27,92.0 ms
11/3/2025 21:27,96.2 ms
11/3/2025 21:27,26.0 ms
11/3/2025 21:27,26.0 ms
11/3/2025 21:27,37.5 ms
11/3/2025 21:27,37.5 ms
11/3/2025 21:27,28.0 ms
11/3/2025 21:27,27.0 ms
11/3/2025 21:28,13.9 ms
11/3/2025 21:28,27.0 ms
11/3/2025 21:28,26.0 ms
11/3/2025 21:28,30.1 ms
11/3/2025 21:28,19.7 ms
11/3/2025 21:28,48.0 ms
11/3/2025 21:28,26.0 ms
11/3/2025 21:28,26.0 ms
11/3/2025 21:28,12.8 ms
11/3/2025 21:28,20.7 ms
11/3/2025 21:28,58.5 ms
11/3/2025 21:28,43.8 ms
11/3/2025 21:29,54.3 ms
11/3/2025 21:29,37.5 ms
11/3/2025 21:29,24.9 ms
11/3/2025 21:29,10.7 ms
11/3/2025 21:29,13.9 ms
11/3/2025 21:29,11.8 ms
11/3/2025 21:29,15.7 ms
11/3/2025 21:29,10.7 ms
11/3/2025 21:29,11.8 ms
11/3/2025 21:29,11.8 ms
11/3/2025 21:29,14.9 ms
11/3/2025 21:29,10.2 ms
11/3/2025 21:30,11.5 ms
11/3/2025 21:30,10.7 ms
11/3/2025 21:30,13.9 ms
11/3/2025 21:30,31.2 ms
11/3/2025 21:30,12.8 ms
11/3/2025 21:30,17.3 ms
11/3/2025 21:30,45.9 ms
11/3/2025 21:30,37.5 ms
11/3/2025 21:30,17.6 ms
11/3/2025 21:30,20.7 ms
11/3/2025 21:30,45.9 ms
11/3/2025 21:30,104 ms
11/3/2025 21:31,43.8 ms
11/3/2025 21:31,41.7 ms
11/3/2025 21:31,17.6 ms
11/3/2025 21:31,13.6 ms
11/3/2025 21:31,17.3 ms
11/3/2025 21:31,100 ms
11/3/2025 21:31,109 ms
11/3/2025 21:31,15.7 ms
11/3/2025 21:31,17.3 ms
11/3/2025 21:31,21.8 ms
11/3/2025 21:31,54.0 ms
11/3/2025 21:31,19.4 ms
11/3/2025 21:32,79.2 ms
11/3/2025 21:32,70.8 ms
11/3/2025 21:32,13.6 ms
11/3/2025 21:32,27.8 ms
11/3/2025 21:32,12.6 ms
11/3/2025 21:32,31.2 ms
11/3/2025 21:32,71.0 ms
11/3/2025 21:32,12.8 ms
11/3/2025 21:32,12.8 ms
11/3/2025 21:32,10.7 ms
11/3/2025 21:32,12.8 ms
11/3/2025 21:32,27.0 ms
11/3/2025 21:33,13.9 ms
11/3/2025 21:33,149 ms
11/3/2025 21:33,90.2 ms
11/3/2025 21:33,15.7 ms
11/3/2025 21:33,45.6 ms
11/3/2025 21:33,58.2 ms
11/3/2025 21:33,49.8 ms
11/3/2025 21:33,49.8 ms
11/3/2025 21:33,0 ms
11/3/2025 21:33,0 ms
11/3/2025 21:33,0 ms
11/3/2025 21:33,21.5 ms
11/3/2025 21:34,71.0 ms
11/3/2025 21:34,79.2 ms
11/3/2025 21:34,62.7 ms
11/3/2025 21:34,104 ms
11/3/2025 21:34,83.4 ms
11/3/2025 21:34,100 ms
11/3/2025 21:34,100 ms
11/3/2025 21:34,105 ms
11/3/2025 21:34,96.2 ms
11/3/2025 21:34,92.0 ms
11/3/2025 21:34,11.8 ms
11/3/2025 21:34,37.5 ms
11/3/2025 21:35,75.2 ms
11/3/2025 21:35,64.7 ms
11/3/2025 21:35,27.0 ms
11/3/2025 21:35,10.2 ms
11/3/2025 21:35,11.8 ms
11/3/2025 21:35,78.6 ms
11/3/2025 21:35,70.8 ms
11/3/2025 21:35,29.9 ms
11/3/2025 21:35,12.8 ms
11/3/2025 21:35,9.96 ms
11/3/2025 21:35,29.9 ms
11/3/2025 21:35,10.7 ms
11/3/2025 21:36,33.0 ms
11/3/2025 21:36,9.18 ms
11/3/2025 21:36,54.3 ms
11/3/2025 21:36,45.9 ms
11/3/2025 21:36,50.1 ms
11/3/2025 21:36,87.8 ms
11/3/2025 21:36,100 ms
11/3/2025 21:36,95.9 ms
11/3/2025 21:36,83.6 ms
11/3/2025 21:36,105 ms
11/3/2025 21:36,83.6 ms
11/3/2025 21:36,96.2 ms
11/3/2025 21:37,100 ms
11/3/2025 21:37,75.0 ms
11/3/2025 21:37,66.8 ms
11/3/2025 21:37,26.0 ms
11/3/2025 21:37,105 ms
11/3/2025 21:37,95.9 ms
11/3/2025 21:37,87.6 ms
11/3/2025 21:37,39.3 ms
11/3/2025 21:37,17.3 ms
11/3/2025 21:37,26.2 ms
11/3/2025 21:37,10.5 ms
11/3/2025 21:37,16.0 ms
11/3/2025 21:38,12.8 ms
11/3/2025 21:38,13.9 ms
11/3/2025 21:38,11.5 ms
11/3/2025 21:38,10.7 ms
11/3/2025 21:38,13.6 ms
11/3/2025 21:38,12.6 ms
11/3/2025 21:38,50.1 ms
11/3/2025 21:38,47.7 ms
11/3/2025 21:38,11.5 ms
11/3/2025 21:38,13.9 ms
11/3/2025 21:38,87.6 ms
11/3/2025 21:38,96.2 ms
11/3/2025 21:39,92.0 ms
11/3/2025 21:39,87.8 ms
11/3/2025 21:39,10.2 ms
11/3/2025 21:39,71.0 ms
11/3/2025 21:39,62.7 ms
11/3/2025 21:39,14.7 ms
11/3/2025 21:39,96.5 ms
11/3/2025 21:39,201 ms
11/3/2025 21:39,117 ms
11/3/2025 21:39,87.6 ms
11/3/2025 21:39,18.4 ms
11/3/2025 21:39,41.4 ms
11/3/2025 21:40,75.0 ms
11/3/2025 21:40,75.2 ms
11/3/2025 21:40,11.8 ms
11/3/2025 21:40,27.0 ms
11/3/2025 21:40,10.7 ms
11/3/2025 21:40,43.8 ms
11/3/2025 21:40,23.9 ms
11/3/2025 21:40,11.8 ms
11/3/2025 21:40,12.8 ms
11/3/2025 21:40,11.8 ms
11/3/2025 21:40,71.0 ms
11/3/2025 21:40,105 ms
11/3/2025 21:41,83.6 ms
11/3/2025 21:41,109 ms
11/3/2025 21:41,100 ms
11/3/2025 21:41,37.5 ms
11/3/2025 21:41,13.9 ms
11/3/2025 21:41,43.5 ms
11/3/2025 21:41,39.6 ms
11/3/2025 21:41,14.9 ms
11/3/2025 21:41,13.6 ms
11/3/2025 21:41,13.6 ms
11/3/2025 21:41,12.6 ms
11/3/2025 21:41,14.9 ms
11/3/2025 21:42,12.6 ms
11/3/2025 21:42,21.8 ms
11/3/2025 21:42,20.4 ms
11/3/2025 21:42,20.4 ms
11/3/2025 21:42,17.3 ms
11/3/2025 21:42,24.6 ms
11/3/2025 21:42,10.5 ms
11/3/2025 21:42,27.8 ms
11/3/2025 21:42,12.8 ms
11/3/2025 21:42,23.9 ms
11/3/2025 21:42,109 ms
11/3/2025 21:42,9.18 ms
11/3/2025 21:43,11.8 ms
11/3/2025 21:43,60.6 ms
11/3/2025 21:43,54.3 ms
11/3/2025 21:43,24.9 ms
11/3/2025 21:43,18.6 ms
11/3/2025 21:43,13.9 ms
11/3/2025 21:43,11.8 ms
11/3/2025 21:43,12.6 ms
11/3/2025 21:43,13.9 ms
11/3/2025 21:43,12.8 ms
11/3/2025 21:43,43.8 ms
11/3/2025 21:43,18.6 ms
11/3/2025 21:44,12.8 ms
11/3/2025 21:44,14.7 ms
11/3/2025 21:44,21.8 ms
11/3/2025 21:44,14.9 ms
11/3/2025 21:44,13.9 ms
11/3/2025 21:44,21.8 ms
11/3/2025 21:44,22.8 ms
11/3/2025 21:44,21.8 ms
11/3/2025 21:44,16.0 ms
11/3/2025 21:44,19.7 ms
11/3/2025 21:44,10.5 ms
11/3/2025 21:44,20.4 ms
11/3/2025 21:45,14.9 ms
11/3/2025 21:45,15.7 ms
11/3/2025 21:45,27.8 ms
11/3/2025 21:45,37.2 ms
11/3/2025 21:45,14.9 ms
11/3/2025 21:45,25.7 ms
11/3/2025 21:45,22.8 ms
11/3/2025 21:45,37.5 ms
11/3/2025 21:45,12.8 ms
11/3/2025 21:45,12.6 ms
11/3/2025 21:45,18.6 ms
11/3/2025 21:45,12.6 ms
11/3/2025 21:46,12.6 ms
11/3/2025 21:46,12.6 ms
11/3/2025 21:46,12.8 ms
11/3/2025 21:46,39.3 ms
11/3/2025 21:46,12.8 ms
11/3/2025 21:46,30.1 ms
11/3/2025 21:46,13.6 ms
11/3/2025 21:46,14.9 ms
11/3/2025 21:46,11.5 ms
11/3/2025 21:46,41.7 ms
11/3/2025 21:46,14.7 ms
11/3/2025 21:46,14.7 ms
11/3/2025 21:47,14.9 ms
11/3/2025 21:47,22.8 ms
11/3/2025 21:47,31.2 ms
11/3/2025 21:47,13.9 ms
11/3/2025 21:47,13.6 ms
11/3/2025 21:47,21.5 ms
11/3/2025 21:47,29.9 ms
11/3/2025 21:47,12.6 ms
11/3/2025 21:47,14.7 ms
11/3/2025 21:47,14.7 ms
11/3/2025 21:47,13.6 ms
11/3/2025 21:47,12.8 ms
11/3/2025 21:48,13.6 ms
11/3/2025 21:48,27.8 ms
11/3/2025 21:48,11.5 ms
11/3/2025 21:48,13.6 ms
11/3/2025 21:48,13.6 ms
11/3/2025 21:48,33.0 ms
11/3/2025 21:48,39.3 ms
11/3/2025 21:48,11.8 ms
11/3/2025 21:48,13.6 ms
11/3/2025 21:48,24.6 ms
11/3/2025 21:48,12.6 ms
11/3/2025 21:48,12.8 ms
11/3/2025 21:49,13.6 ms
11/3/2025 21:49,17.6 ms
11/3/2025 21:49,24.6 ms
11/3/2025 21:49,13.9 ms
11/3/2025 21:49,12.6 ms
11/3/2025 21:49,12.8 ms
11/3/2025 21:49,28.8 ms
11/3/2025 21:49,14.7 ms
11/3/2025 21:49,12.6 ms
11/3/2025 21:49,41.7 ms
11/3/2025 21:49,43.8 ms
11/3/2025 21:49,13.6 ms
11/3/2025 21:50,13.6 ms
11/3/2025 21:50,13.6 ms
11/3/2025 21:50,25.7 ms
11/3/2025 21:50,13.9 ms
11/3/2025 21:50,13.6 ms
11/3/2025 21:50,22.5 ms
11/3/2025 21:50,14.7 ms
11/3/2025 21:50,39.6 ms
11/3/2025 21:50,11.8 ms
11/3/2025 21:50,11.8 ms
11/3/2025 21:50,13.9 ms
11/3/2025 21:50,17.6 ms
11/3/2025 21:51,12.8 ms
11/3/2025 21:51,16.0 ms
11/3/2025 21:51,16.0 ms
11/3/2025 21:51,20.7 ms
11/3/2025 21:51,13.9 ms
11/3/2025 21:51,18.6 ms
11/3/2025 21:51,18.6 ms
11/3/2025 21:51,13.6 ms
11/3/2025 21:51,13.9 ms
11/3/2025 21:51,16.0 ms
11/3/2025 21:51,14.9 ms
11/3/2025 21:51,14.9 ms
11/3/2025 21:52,13.6 ms
11/3/2025 21:52,20.7 ms
11/3/2025 21:52,16.0 ms
11/3/2025 21:52,14.7 ms
11/3/2025 21:52,13.6 ms
11/3/2025 21:52,19.7 ms
11/3/2025 21:52,14.9 ms
11/3/2025 21:52,14.9 ms
11/3/2025 21:52,13.9 ms
11/3/2025 21:52,18.6 ms
11/3/2025 21:52,17.3 ms
11/3/2025 21:52,26.0 ms
11/3/2025 21:53,13.9 ms
11/3/2025 21:53,19.7 ms
11/3/2025 21:53,14.7 ms
11/3/2025 21:53,14.9 ms
11/3/2025 21:53,13.9 ms
11/3/2025 21:53,18.6 ms
11/3/2025 21:53,14.9 ms
11/3/2025 21:53,14.9 ms
11/3/2025 21:53,13.9 ms
11/3/2025 21:53,20.7 ms
11/3/2025 21:53,19.7 ms
11/3/2025 21:53,13.9 ms
11/3/2025 21:54,13.9 ms
11/3/2025 21:54,16.0 ms
11/3/2025 21:54,17.3 ms
11/3/2025 21:54,13.9 ms
11/3/2025 21:54,13.9 ms
11/3/2025 21:54,16.0 ms
11/3/2025 21:54,17.6 ms
11/3/2025 21:54,17.6 ms
11/3/2025 21:54,13.9 ms
11/3/2025 21:54,19.7 ms
11/3/2025 21:54,13.9 ms
11/3/2025 21:54,17.6 ms
11/3/2025 21:55,13.9 ms
11/3/2025 21:55,22.8 ms
11/3/2025 21:55,14.9 ms
11/3/2025 21:55,17.6 ms
11/3/2025 21:55,13.9 ms
11/3/2025 21:55,19.7 ms
11/3/2025 21:55,16.0 ms
11/3/2025 21:55,13.9 ms
11/3/2025 21:55,13.9 ms
11/3/2025 21:55,19.7 ms
11/3/2025 21:55,14.9 ms
11/3/2025 21:55,13.9 ms
11/3/2025 21:56,13.9 ms
11/3/2025 21:56,16.0 ms
11/3/2025 21:56,14.7 ms
11/3/2025 21:56,18.6 ms
11/3/2025 21:56,13.9 ms
11/3/2025 21:56,21.8 ms
11/3/2025 21:56,14.9 ms
11/3/2025 21:56,24.9 ms
11/3/2025 21:56,13.6 ms
11/3/2025 21:56,21.8 ms
11/3/2025 21:56,14.7 ms
11/3/2025 21:56,13.9 ms
11/3/2025 21:57,13.9 ms
11/3/2025 21:57,15.7 ms
11/3/2025 21:57,18.6 ms
11/3/2025 21:57,14.9 ms
11/3/2025 21:57,13.9 ms
11/3/2025 21:57,20.7 ms
11/3/2025 21:57,18.4 ms
11/3/2025 21:57,13.9 ms
11/3/2025 21:57,13.9 ms
11/3/2025 21:57,14.9 ms
11/3/2025 21:57,14.7 ms
11/3/2025 21:57,14.9 ms
11/3/2025 21:58,13.9 ms
11/3/2025 21:58,14.9 ms
11/3/2025 21:58,14.9 ms
11/3/2025 21:58,16.0 ms
11/3/2025 21:58,13.9 ms
11/3/2025 21:58,21.8 ms
11/3/2025 21:58,17.6 ms
11/3/2025 21:58,13.9 ms
11/3/2025 21:58,13.6 ms
11/3/2025 21:58,20.7 ms
11/3/2025 21:58,16.0 ms
11/3/2025 21:58,22.8 ms
11/3/2025 21:59,14.9 ms
11/3/2025 21:59,18.6 ms
11/3/2025 21:59,14.9 ms
11/3/2025 21:59,14.9 ms
11/3/2025 21:59,17.6 ms
11/3/2025 21:59,29.9 ms
11/3/2025 21:59,13.6 ms
11/3/2025 21:59,13.6 ms
11/3/2025 21:59,14.7 ms
11/3/2025 21:59,37.2 ms
11/3/2025 21:59,24.6 ms
11/3/2025 21:59,45.6 ms
11/3/2025 22:00,14.7 ms
11/3/2025 22:00,23.6 ms
11/3/2025 22:00,41.4 ms
11/3/2025 22:00,13.6 ms
11/3/2025 22:00,13.9 ms
11/3/2025 22:00,12.8 ms
11/3/2025 22:00,12.8 ms
11/3/2025 22:00,41.4 ms
11/3/2025 22:00,14.7 ms
11/3/2025 22:00,21.5 ms
11/3/2025 22:00,12.6 ms
11/3/2025 22:00,12.6 ms
11/3/2025 22:01,13.9 ms
11/3/2025 22:01,15.7 ms
11/3/2025 22:01,12.6 ms
11/3/2025 22:01,11.8 ms
11/3/2025 22:01,12.8 ms
11/3/2025 22:01,12.6 ms
11/3/2025 22:01,43.8 ms
11/3/2025 22:01,10.2 ms
11/3/2025 22:01,11.5 ms
11/3/2025 22:01,13.6 ms
11/3/2025 22:01,32.0 ms
11/3/2025 22:01,13.6 ms
11/3/2025 22:02,14.7 ms
11/3/2025 22:02,14.7 ms
11/3/2025 22:02,12.6 ms
11/3/2025 22:02,13.6 ms
11/3/2025 22:02,13.6 ms
11/3/2025 22:02,12.6 ms
11/3/2025 22:02,13.6 ms
11/3/2025 22:02,10.7 ms
11/3/2025 22:02,13.6 ms
11/3/2025 22:02,21.5 ms
11/3/2025 22:02,14.7 ms
11/3/2025 22:02,11.5 ms
11/3/2025 22:03,12.6 ms
11/3/2025 22:03,17.6 ms
11/3/2025 22:03,13.6 ms
11/3/2025 22:03,13.6 ms
11/3/2025 22:03,13.6 ms
11/3/2025 22:03,13.9 ms
11/3/2025 22:03,13.6 ms
11/3/2025 22:03,37.2 ms
11/3/2025 22:03,16.0 ms
11/3/2025 22:03,21.8 ms
11/3/2025 22:03,17.3 ms
11/3/2025 22:03,16.0 ms
11/3/2025 22:04,11.8 ms
11/3/2025 22:04,12.8 ms
11/3/2025 22:04,14.9 ms
11/3/2025 22:04,23.9 ms
11/3/2025 22:04,10.2 ms
11/3/2025 22:04,21.5 ms
11/3/2025 22:04,43.8 ms
11/3/2025 22:04,49.8 ms
11/3/2025 22:04,14.7 ms
11/3/2025 22:04,13.6 ms
11/3/2025 22:04,21.5 ms
11/3/2025 22:04,17.3 ms
11/3/2025 22:05,12.6 ms
11/3/2025 22:05,21.8 ms
11/3/2025 22:05,13.6 ms
11/3/2025 22:05,13.6 ms
11/3/2025 22:05,13.6 ms
11/3/2025 22:05,13.9 ms
11/3/2025 22:05,16.0 ms
11/3/2025 22:05,14.9 ms
11/3/2025 22:05,13.6 ms
11/3/2025 22:05,13.6 ms
11/3/2025 22:05,13.6 ms
11/3/2025 22:05,12.6 ms
11/3/2025 22:06,16.0 ms
11/3/2025 22:06,13.9 ms
11/3/2025 22:06,15.7 ms
11/3/2025 22:06,12.8 ms
11/3/2025 22:06,11.5 ms
11/3/2025 22:06,18.6 ms
11/3/2025 22:06,14.9 ms
11/3/2025 22:06,13.6 ms
11/3/2025 22:06,13.6 ms
11/3/2025 22:06,13.6 ms
11/3/2025 22:06,21.8 ms
11/3/2025 22:06,14.7 ms
11/3/2025 22:07,14.7 ms
11/3/2025 22:07,12.8 ms
11/3/2025 22:07,21.5 ms
11/3/2025 22:07,28.8 ms
11/3/2025 22:07,14.7 ms
11/3/2025 22:07,15.7 ms
11/3/2025 22:07,26.7 ms
11/3/2025 22:07,24.9 ms
11/3/2025 22:07,13.6 ms
11/3/2025 22:07,18.4 ms
11/3/2025 22:07,11.5 ms
11/3/2025 22:07,37.5 ms
11/3/2025 22:08,14.7 ms
11/3/2025 22:08,13.6 ms
11/3/2025 22:08,26.7 ms
11/3/2025 22:08,18.4 ms
11/3/2025 22:08,12.6 ms
11/3/2025 22:08,16.0 ms
11/3/2025 22:08,20.4 ms
11/3/2025 22:08,11.8 ms
11/3/2025 22:08,12.6 ms
11/3/2025 22:08,13.6 ms
11/3/2025 22:08,13.6 ms
11/3/2025 22:08,51.9 ms
11/3/2025 22:09,12.6 ms
11/3/2025 22:09,11.8 ms
11/3/2025 22:09,12.6 ms
11/3/2025 22:09,12.8 ms
11/3/2025 22:09,12.6 ms
11/3/2025 22:09,39.6 ms
11/3/2025 22:09,14.9 ms
11/3/2025 22:09,21.5 ms
11/3/2025 22:09,13.6 ms
11/3/2025 22:09,13.9 ms
11/3/2025 22:09,11.8 ms
11/3/2025 22:09,13.9 ms
11/3/2025 22:10,12.6 ms
11/3/2025 22:10,14.7 ms
11/3/2025 22:10,19.4 ms
11/3/2025 22:10,19.4 ms
11/3/2025 22:10,12.8 ms
11/3/2025 22:10,19.7 ms
11/3/2025 22:10,25.7 ms
11/3/2025 22:10,12.6 ms
11/3/2025 22:10,10.7 ms
11/3/2025 22:10,18.4 ms
11/3/2025 22:10,12.6 ms
11/3/2025 22:10,18.4 ms
11/3/2025 22:11,13.6 ms
11/3/2025 22:11,23.9 ms
11/3/2025 22:11,12.6 ms
11/3/2025 22:11,28.8 ms
11/3/2025 22:11,12.6 ms
11/3/2025 22:11,19.4 ms
11/3/2025 22:11,14.7 ms
11/3/2025 22:11,21.8 ms
11/3/2025 22:11,13.9 ms
11/3/2025 22:11,19.4 ms
11/3/2025 22:11,13.6 ms
11/3/2025 22:11,35.1 ms
11/3/2025 22:12,12.8 ms
11/3/2025 22:12,17.3 ms
11/3/2025 22:12,23.6 ms
11/3/2025 22:12,37.2 ms
11/3/2025 22:12,13.6 ms
11/3/2025 22:12,12.6 ms
11/3/2025 22:12,19.7 ms
11/3/2025 22:12,14.7 ms
11/3/2025 22:12,12.8 ms
11/3/2025 22:12,11.8 ms
11/3/2025 22:12,39.3 ms
11/3/2025 22:12,25.7 ms
11/3/2025 22:13,12.6 ms
11/3/2025 22:13,21.5 ms
11/3/2025 22:13,45.6 ms
11/3/2025 22:13,13.6 ms
11/3/2025 22:13,13.6 ms
11/3/2025 22:13,13.6 ms
11/3/2025 22:13,21.5 ms
11/3/2025 22:13,13.6 ms
11/3/2025 22:13,12.6 ms
11/3/2025 22:13,14.7 ms
11/3/2025 22:13,17.3 ms
11/3/2025 22:13,54.0 ms
11/3/2025 22:14,13.6 ms
11/3/2025 22:14,14.9 ms
11/3/2025 22:14,17.6 ms
11/3/2025 22:14,14.9 ms
11/3/2025 22:14,13.6 ms
11/3/2025 22:14,12.6 ms
11/3/2025 22:14,13.6 ms
11/3/2025 22:14,27.8 ms
11/3/2025 22:14,13.6 ms
11/3/2025 22:14,13.6 ms
11/3/2025 22:14,13.6 ms
11/3/2025 22:14,62.4 ms
11/3/2025 22:15,15.7 ms
11/3/2025 22:15,22.5 ms
11/3/2025 22:15,14.7 ms
11/3/2025 22:15,20.4 ms
11/3/2025 22:15,14.7 ms
11/3/2025 22:15,15.7 ms
11/3/2025 22:15,14.7 ms
11/3/2025 22:15,37.2 ms
11/3/2025 22:15,12.6 ms
11/3/2025 22:15,13.6 ms
11/3/2025 22:15,12.6 ms
11/3/2025 22:15,12.8 ms
11/3/2025 22:16,12.6 ms
11/3/2025 22:16,12.8 ms
11/3/2025 22:16,14.7 ms
11/3/2025 22:16,12.6 ms
11/3/2025 22:16,13.6 ms
11/3/2025 22:16,14.7 ms
11/3/2025 22:16,13.9 ms
11/3/2025 22:16,13.6 ms
11/3/2025 22:16,12.6 ms
11/3/2025 22:16,13.6 ms
11/3/2025 22:16,19.4 ms
11/3/2025 22:16,13.6 ms
11/3/2025 22:17,13.9 ms
11/3/2025 22:17,10.5 ms
11/3/2025 22:17,13.6 ms
11/3/2025 22:17,43.5 ms
11/3/2025 22:17,14.7 ms
11/3/2025 22:17,13.6 ms
11/3/2025 22:17,27.8 ms
11/3/2025 22:17,23.6 ms
11/3/2025 22:17,12.6 ms
11/3/2025 22:17,20.4 ms
11/3/2025 22:17,15.7 ms
11/3/2025 22:17,13.6 ms
11/3/2025 22:18,13.6 ms
11/3/2025 22:18,11.8 ms
11/3/2025 22:18,13.6 ms
11/3/2025 22:18,12.8 ms
11/3/2025 22:18,13.6 ms
11/3/2025 22:18,12.6 ms
11/3/2025 22:18,12.8 ms
11/3/2025 22:18,20.7 ms
11/3/2025 22:18,13.6 ms
11/3/2025 22:18,20.4 ms
11/3/2025 22:18,12.6 ms
11/3/2025 22:18,43.5 ms
11/3/2025 22:19,12.8 ms
11/3/2025 22:19,12.6 ms
11/3/2025 22:19,17.6 ms
11/3/2025 22:19,12.6 ms
11/3/2025 22:19,14.7 ms
11/3/2025 22:19,14.7 ms
11/3/2025 22:19,24.9 ms
11/3/2025 22:19,16.0 ms
11/3/2025 22:19,12.6 ms
11/3/2025 22:19,14.7 ms
11/3/2025 22:19,21.5 ms
11/3/2025 22:19,35.4 ms
11/3/2025 22:20,13.9 ms
11/3/2025 22:20,13.6 ms
11/3/2025 22:20,14.7 ms
11/3/2025 22:20,18.4 ms
11/3/2025 22:20,13.6 ms
11/3/2025 22:20,24.6 ms
11/3/2025 22:20,13.6 ms
11/3/2025 22:20,12.6 ms
11/3/2025 22:20,14.7 ms
11/3/2025 22:20,15.7 ms
11/3/2025 22:20,21.5 ms
11/3/2025 22:20,13.9 ms
11/3/2025 22:21,12.6 ms
11/3/2025 22:21,13.6 ms
11/3/2025 22:21,12.6 ms
11/3/2025 22:21,14.7 ms
11/3/2025 22:21,13.6 ms
11/3/2025 22:21,12.6 ms
11/3/2025 22:21,24.9 ms
11/3/2025 22:21,28.0 ms
11/3/2025 22:21,13.6 ms
11/3/2025 22:21,25.7 ms
11/3/2025 22:21,29.1 ms
11/3/2025 22:21,14.9 ms
11/3/2025 22:22,12.8 ms
11/3/2025 22:22,14.9 ms
11/3/2025 22:22,10.7 ms
11/3/2025 22:22,12.6 ms
11/3/2025 22:22,10.5 ms
11/3/2025 22:22,12.8 ms
11/3/2025 22:22,17.6 ms
11/3/2025 22:22,41.4 ms
11/3/2025 22:22,13.9 ms
11/3/2025 22:22,13.9 ms
11/3/2025 22:22,14.7 ms
11/3/2025 22:22,17.6 ms
11/3/2025 22:23,13.9 ms
11/3/2025 22:23,13.9 ms
11/3/2025 22:23,13.9 ms
11/3/2025 22:23,16.0 ms
11/3/2025 22:23,11.8 ms
11/3/2025 22:23,20.4 ms
11/3/2025 22:23,12.6 ms
11/3/2025 22:23,29.1 ms
11/3/2025 22:23,11.5 ms
11/3/2025 22:23,14.9 ms
11/3/2025 22:23,13.6 ms
11/3/2025 22:23,54.0 ms
11/3/2025 22:24,12.6 ms
11/3/2025 22:24,18.4 ms
11/3/2025 22:24,13.9 ms
11/3/2025 22:24,41.7 ms
11/3/2025 22:24,13.6 ms
11/3/2025 22:24,12.6 ms
11/3/2025 22:24,14.7 ms
11/3/2025 22:24,19.4 ms
11/3/2025 22:24,
